order_item_id,order_id,product_id,quantity,unit_price_at_buy,unit_cost_at_sale,discount_amount_applied,promo_id
1,ORD00001,PRD0213,3,282.04,204.21,0.0,
2,ORD00001,PRD0251,1,376.99,285.35,0.0,
3,ORD00001,PRD0016,1,388.8,310.47,0.0,
4,ORD00001,PRD0141,1,307.26,224.98,0.0,
5,ORD00002,PRD0282,3,259.04,204.11,0.0,
6,ORD00002,PRD0059,2,44.72,32.37,0.0,
7,ORD00002,PRD0422,2,45.32,35.63,0.0,
8,ORD00002,PRD0388,1,42.9,33.6,0.0,
9,ORD00003,PRD0377,3,46.01,32.58,0.0,
10,ORD00004,PRD0179,1,76.49,57.07,0.0,
11,ORD00004,PRD0061,1,292.34,211.74,10.0,P3
12,ORD00004,PRD0441,3,433.48,330.62,0.0,
13,ORD00005,PRD0402,1,24.19,17.59,0.0,
14,ORD00005,PRD0413,1,379.92,270.27,0.0,
15,ORD00006,PRD0166,3,213.29,156.36,0.0,
16,ORD00006,PRD0294,2,252.71,177.83,0.0,
17,ORD00007,PRD0471,1,258.77,195.11,0.0,
18,ORD00007,PRD0444,3,258.6,189.05,465.48,P1
19,ORD00007,PRD0128,1,366.99,268.4,0.0,
20,ORD00007,PRD0425,1,208.17,159.04,0.0,
21,ORD00008,PRD0296,3,438.35,326.15,0.0,
22,ORD00008,PRD0213,2,282.04,204.21,0.0,
23,ORD00009,PRD0356,2,205.09,147.46,20.0,P3
24,ORD00009,PRD0168,3,200.84,156.05,120.5,P2
25,ORD00009,PRD0375,2,39.8,29.77,15.92,P2
26,ORD00010,PRD0112,2,336.8,247.67,0.0,
27,ORD00010,PRD0254,2,274.59,204.23,0.0,
28,ORD00010,PRD0146,2,339.67,245.4,0.0,
29,ORD00010,PRD0067,3,78.69,56.53,0.0,
30,ORD00011,PRD0024,1,206.57,145.97,0.0,
31,ORD00012,PRD0476,1,31.41,23.13,0.0,
32,ORD00013,PRD0452,3,491.37,348.1,0.0,
33,ORD00013,PRD0448,2,294.36,234.14,0.0,
34,ORD00014,PRD0341,3,63.09,45.64,113.56,P1
35,ORD00014,PRD0157,3,310.2,239.45,186.12,P2
36,ORD00014,PRD0220,3,164.62,127.46,98.77,P2
37,ORD00015,PRD0068,3,132.41,104.91,0.0,
38,ORD00016,PRD0357,2,475.02,371.66,0.0,
39,ORD00017,PRD0245,1,354.46,264.22,0.0,
40,ORD00017,PRD0046,3,127.33,92.2,0.0,
41,ORD00018,PRD0071,2,484.81,384.28,0.0,
42,ORD00018,PRD0386,1,219.11,167.95,0.0,
43,ORD00018,PRD0347,1,66.9,48.4,0.0,
44,ORD00019,PRD0226,2,32.3,22.79,0.0,
45,ORD00019,PRD0322,3,144.5,109.33,0.0,
46,ORD00020,PRD0460,1,437.91,321.14,0.0,
47,ORD00021,PRD0162,1,144.55,102.31,28.91,P2
48,ORD00021,PRD0128,3,366.99,268.4,660.58,P1
49,ORD00021,PRD0146,3,339.67,245.4,203.8,P2
50,ORD00021,PRD0106,3,280.32,208.21,168.19,P2
51,ORD00022,PRD0402,1,24.19,17.59,0.0,
52,ORD00023,PRD0271,1,380.66,290.27,0.0,
53,ORD00024,PRD0441,3,433.48,330.62,0.0,
54,ORD00024,PRD0280,3,490.32,355.17,0.0,
55,ORD00024,PRD0242,1,95.17,67.33,0.0,
56,ORD00024,PRD0035,1,431.78,302.74,0.0,
57,ORD00025,PRD0322,3,144.5,109.33,86.7,P2
58,ORD00025,PRD0217,3,281.2,206.51,168.72,P2
59,ORD00025,PRD0143,1,398.93,317.54,79.79,P2
60,ORD00026,PRD0201,3,61.71,49.13,0.0,
61,ORD00026,PRD0428,3,417.69,330.8,0.0,
62,ORD00026,PRD0034,2,498.1,375.03,0.0,
63,ORD00027,PRD0045,2,465.26,366.57,0.0,
64,ORD00027,PRD0314,3,235.19,180.32,423.34,P1
65,ORD00028,PRD0363,1,170.99,122.22,0.0,
66,ORD00029,PRD0086,2,50.17,38.42,0.0,
67,ORD00029,PRD0400,2,340.74,257.49,0.0,
68,ORD00029,PRD0061,1,292.34,211.74,0.0,
69,ORD00030,PRD0135,3,362.68,264.77,0.0,
70,ORD00031,PRD0262,2,484.84,362.18,20.0,P3
71,ORD00031,PRD0189,1,474.4,354.14,0.0,
72,ORD00031,PRD0053,3,359.34,265.88,0.0,
73,ORD00031,PRD0060,1,114.98,82.01,0.0,
74,ORD00032,PRD0024,2,206.57,145.97,0.0,
75,ORD00032,PRD0472,1,28.5,20.91,0.0,
76,ORD00033,PRD0115,2,433.66,345.9,0.0,
77,ORD00033,PRD0469,3,104.08,83.26,0.0,
78,ORD00033,PRD0423,1,223.75,166.91,0.0,
79,ORD00033,PRD0062,3,405.67,291.69,0.0,
80,ORD00034,PRD0489,2,443.47,351.69,177.39,P2
81,ORD00035,PRD0045,3,465.26,366.57,0.0,
82,ORD00035,PRD0189,1,474.4,354.14,0.0,
83,ORD00035,PRD0402,2,24.19,17.59,0.0,
84,ORD00036,PRD0396,1,119.88,85.21,0.0,
85,ORD00036,PRD0280,1,490.32,355.17,0.0,
86,ORD00036,PRD0478,2,124.66,90.24,0.0,
87,ORD00036,PRD0278,2,254.2,196.16,0.0,
88,ORD00037,PRD0389,3,221.62,171.64,0.0,
89,ORD00038,PRD0272,1,109.74,82.85,0.0,
90,ORD00038,PRD0493,1,397.78,283.92,0.0,
91,ORD00039,PRD0472,1,28.5,20.91,0.0,
92,ORD00040,PRD0235,3,384.58,292.52,0.0,
93,ORD00040,PRD0049,3,385.26,274.63,0.0,
94,ORD00040,PRD0420,2,96.09,70.92,0.0,
95,ORD00041,PRD0122,2,119.23,91.33,0.0,
96,ORD00041,PRD0162,2,144.55,102.31,0.0,
97,ORD00042,PRD0140,1,158.9,114.57,0.0,
98,ORD00042,PRD0104,1,31.6,23.17,0.0,
99,ORD00042,PRD0300,1,175.9,135.31,105.54,P1
100,ORD00042,PRD0239,2,39.51,31.45,0.0,
101,ORD00043,PRD0158,2,219.1,173.24,0.0,
102,ORD00043,PRD0062,1,405.67,291.69,0.0,
103,ORD00043,PRD0352,2,26.03,19.19,0.0,
104,ORD00043,PRD0357,3,475.02,371.66,0.0,
105,ORD00044,PRD0365,1,493.89,372.4,0.0,
106,ORD00045,PRD0134,1,315.35,241.66,189.21,P1
107,ORD00045,PRD0232,3,46.3,35.32,0.0,
108,ORD00045,PRD0128,1,366.99,268.4,0.0,
109,ORD00046,PRD0032,1,84.89,60.78,0.0,
110,ORD00047,PRD0299,3,46.67,36.32,0.0,
111,ORD00048,PRD0102,3,257.65,186.83,0.0,
112,ORD00049,PRD0022,2,117.61,86.14,0.0,
113,ORD00050,PRD0255,1,29.53,21.95,0.0,
114,ORD00050,PRD0219,1,160.25,115.87,0.0,
115,ORD00050,PRD0466,1,55.79,42.79,0.0,
116,ORD00050,PRD0229,1,240.0,178.57,144.0,P1
117,ORD00051,PRD0452,3,491.37,348.1,0.0,
118,ORD00051,PRD0045,2,465.26,366.57,0.0,
119,ORD00051,PRD0215,1,55.6,40.15,0.0,
120,ORD00051,PRD0409,3,302.15,238.2,0.0,
121,ORD00052,PRD0246,3,462.72,360.36,0.0,
122,ORD00052,PRD0177,3,271.72,214.85,0.0,
123,ORD00052,PRD0199,2,334.15,236.21,20.0,P3
124,ORD00053,PRD0030,2,498.69,355.98,0.0,
125,ORD00053,PRD0393,3,435.37,336.15,0.0,
126,ORD00053,PRD0499,1,126.44,90.05,75.86,P1
127,ORD00054,PRD0182,1,146.35,116.37,0.0,
128,ORD00054,PRD0304,2,125.04,96.09,0.0,
129,ORD00054,PRD0358,2,334.76,255.81,0.0,
130,ORD00054,PRD0015,3,355.24,250.3,0.0,
131,ORD00055,PRD0429,2,223.99,159.16,0.0,
132,ORD00055,PRD0090,2,234.04,185.57,280.85,P1
133,ORD00056,PRD0001,2,22.26,16.19,0.0,
134,ORD00056,PRD0104,1,31.6,23.17,18.96,P1
135,ORD00056,PRD0411,2,143.33,109.82,0.0,
136,ORD00056,PRD0076,3,217.27,172.89,0.0,
137,ORD00057,PRD0492,1,23.81,18.88,0.0,
138,ORD00057,PRD0483,3,77.82,56.42,0.0,
139,ORD00057,PRD0052,2,465.17,360.75,0.0,
140,ORD00058,PRD0406,3,54.96,41.39,0.0,
141,ORD00058,PRD0333,2,135.92,106.35,0.0,
142,ORD00058,PRD0496,3,12.57,8.9,0.0,
143,ORD00058,PRD0476,3,31.41,23.13,0.0,
144,ORD00059,PRD0376,3,218.87,155.57,0.0,
145,ORD00059,PRD0091,3,14.56,11.1,0.0,
146,ORD00059,PRD0360,3,129.35,92.17,0.0,
147,ORD00060,PRD0472,3,28.5,20.91,0.0,
148,ORD00060,PRD0290,1,490.58,355.12,0.0,
149,ORD00060,PRD0073,2,433.68,342.71,0.0,
150,ORD00061,PRD0326,1,342.1,264.13,0.0,
151,ORD00061,PRD0344,3,321.35,239.86,0.0,
152,ORD00062,PRD0108,1,277.34,217.28,0.0,
153,ORD00062,PRD0180,2,137.48,100.74,0.0,
154,ORD00062,PRD0369,1,35.68,27.62,21.41,P1
155,ORD00063,PRD0452,2,491.37,348.1,589.64,P1
156,ORD00063,PRD0425,2,208.17,159.04,83.27,P2
157,ORD00063,PRD0084,2,207.85,165.07,83.14,P2
158,ORD00063,PRD0151,1,129.55,99.18,25.91,P2
159,ORD00064,PRD0083,3,43.58,30.8,0.0,
160,ORD00064,PRD0483,1,77.82,56.42,0.0,
161,ORD00064,PRD0315,2,451.59,346.71,0.0,
162,ORD00064,PRD0221,3,103.86,80.37,0.0,
163,ORD00065,PRD0052,2,465.17,360.75,0.0,
164,ORD00066,PRD0339,2,272.92,203.46,0.0,
165,ORD00066,PRD0050,1,473.96,339.6,0.0,
166,ORD00066,PRD0282,2,259.04,204.11,0.0,
167,ORD00067,PRD0151,3,129.55,99.18,77.73,P2
168,ORD00068,PRD0088,3,338.17,247.34,0.0,
169,ORD00068,PRD0042,2,84.89,65.9,0.0,
170,ORD00069,PRD0459,3,149.23,115.26,0.0,
171,ORD00069,PRD0329,3,188.78,134.63,0.0,
172,ORD00069,PRD0190,2,385.78,276.52,0.0,
173,ORD00069,PRD0229,1,240.0,178.57,0.0,
174,ORD00070,PRD0289,1,194.83,154.56,0.0,
175,ORD00070,PRD0357,3,475.02,371.66,0.0,
176,ORD00070,PRD0343,2,458.48,331.09,0.0,
177,ORD00071,PRD0431,2,436.56,338.15,0.0,
178,ORD00072,PRD0244,2,152.72,110.44,61.09,P2
179,ORD00072,PRD0258,3,297.69,209.0,0.0,
180,ORD00073,PRD0089,1,203.94,156.46,0.0,
181,ORD00073,PRD0414,1,64.34,49.4,0.0,
182,ORD00073,PRD0217,1,281.2,206.51,0.0,
183,ORD00073,PRD0223,1,302.43,241.35,0.0,
184,ORD00074,PRD0164,3,49.48,35.38,0.0,
185,ORD00074,PRD0035,1,431.78,302.74,0.0,
186,ORD00074,PRD0204,3,389.57,290.81,0.0,
187,ORD00075,PRD0058,2,122.18,96.59,0.0,
188,ORD00075,PRD0291,3,124.45,96.77,0.0,
189,ORD00075,PRD0494,1,459.52,343.37,0.0,
190,ORD00075,PRD0289,1,194.83,154.56,0.0,
191,ORD00076,PRD0197,3,404.71,315.52,0.0,
192,ORD00076,PRD0312,2,313.66,227.12,0.0,
193,ORD00076,PRD0142,2,226.66,163.51,0.0,
194,ORD00077,PRD0456,2,389.49,299.09,0.0,
195,ORD00077,PRD0026,3,203.86,161.35,0.0,
196,ORD00077,PRD0138,2,341.89,270.19,0.0,
197,ORD00077,PRD0419,2,170.78,119.68,0.0,
198,ORD00078,PRD0498,1,268.61,191.01,0.0,
199,ORD00079,PRD0374,2,157.8,120.61,0.0,
200,ORD00079,PRD0046,1,127.33,92.2,0.0,
201,ORD00079,PRD0468,2,476.07,349.52,0.0,
202,ORD00080,PRD0034,2,498.1,375.03,0.0,
203,ORD00080,PRD0207,1,289.23,221.79,0.0,
204,ORD00081,PRD0449,1,230.37,179.91,46.07,P2
205,ORD00081,PRD0017,2,434.58,320.73,173.83,P2
206,ORD00082,PRD0422,2,45.32,35.63,0.0,
207,ORD00082,PRD0326,1,342.1,264.13,0.0,
208,ORD00082,PRD0124,2,182.06,136.72,0.0,
209,ORD00083,PRD0177,1,271.72,214.85,0.0,
210,ORD00083,PRD0133,3,188.47,133.25,0.0,
211,ORD00083,PRD0047,2,474.01,335.87,0.0,
212,ORD00084,PRD0439,1,229.96,182.22,0.0,
213,ORD00084,PRD0347,1,66.9,48.4,0.0,
214,ORD00085,PRD0243,1,210.17,161.61,42.03,P2
215,ORD00086,PRD0365,3,493.89,372.4,0.0,
216,ORD00086,PRD0217,2,281.2,206.51,0.0,
217,ORD00086,PRD0236,2,120.59,90.71,0.0,
218,ORD00087,PRD0004,3,55.91,40.44,0.0,
219,ORD00088,PRD0153,3,391.43,282.57,0.0,
220,ORD00088,PRD0033,2,302.24,223.2,0.0,
221,ORD00088,PRD0328,2,161.38,120.08,0.0,
222,ORD00089,PRD0265,1,334.67,247.67,0.0,
223,ORD00089,PRD0413,3,379.92,270.27,227.95,P2
224,ORD00090,PRD0336,2,78.97,62.91,0.0,
225,ORD00091,PRD0378,1,82.68,58.92,16.54,P2
226,ORD00091,PRD0176,3,421.85,334.09,253.11,P2
227,ORD00091,PRD0465,3,408.46,313.29,735.23,P1
228,ORD00091,PRD0088,3,338.17,247.34,0.0,
229,ORD00092,PRD0066,3,131.84,94.8,0.0,
230,ORD00092,PRD0414,3,64.34,49.4,0.0,
231,ORD00092,PRD0094,3,441.62,347.96,0.0,
232,ORD00092,PRD0336,1,78.97,62.91,0.0,
233,ORD00093,PRD0191,2,482.23,372.2,0.0,
234,ORD00093,PRD0238,1,495.12,361.7,0.0,
235,ORD00093,PRD0444,3,258.6,189.05,0.0,
236,ORD00094,PRD0257,1,481.34,377.18,0.0,
237,ORD00094,PRD0196,3,59.93,46.58,0.0,
238,ORD00095,PRD0176,2,421.85,334.09,168.74,P2
239,ORD00095,PRD0074,2,195.7,156.27,78.28,P2
240,ORD00096,PRD0324,1,390.11,282.05,234.07,P1
241,ORD00096,PRD0232,2,46.3,35.32,0.0,
242,ORD00096,PRD0397,1,190.1,147.57,0.0,
243,ORD00097,PRD0315,2,451.59,346.71,0.0,
244,ORD00097,PRD0207,2,289.23,221.79,0.0,
245,ORD00098,PRD0375,2,39.8,29.77,0.0,
246,ORD00098,PRD0457,2,396.72,303.38,0.0,
247,ORD00099,PRD0321,3,20.75,16.25,37.35,P1
248,ORD00100,PRD0197,3,404.71,315.52,0.0,
249,ORD00101,PRD0486,2,149.68,116.2,0.0,
250,ORD00101,PRD0267,3,168.4,134.22,0.0,
251,ORD00101,PRD0223,3,302.43,241.35,0.0,
252,ORD00102,PRD0085,2,130.65,99.22,0.0,
253,ORD00102,PRD0115,3,433.66,345.9,0.0,
254,ORD00103,PRD0064,2,238.84,184.6,0.0,
255,ORD00103,PRD0406,1,54.96,41.39,0.0,
256,ORD00104,PRD0305,1,498.74,386.36,0.0,
257,ORD00105,PRD0214,2,326.49,244.57,130.6,P2
258,ORD00106,PRD0155,2,233.67,182.3,0.0,
259,ORD00107,PRD0215,1,55.6,40.15,0.0,
260,ORD00107,PRD0317,1,156.59,124.68,0.0,
261,ORD00108,PRD0312,1,313.66,227.12,0.0,
262,ORD00108,PRD0426,3,66.43,46.64,0.0,
263,ORD00109,PRD0021,3,90.07,66.47,0.0,
264,ORD00109,PRD0107,3,64.82,51.5,0.0,
265,ORD00110,PRD0344,1,321.35,239.86,0.0,
266,ORD00111,PRD0400,3,340.74,257.49,0.0,
267,ORD00112,PRD0234,2,51.74,37.5,62.09,P1
268,ORD00112,PRD0417,1,13.77,10.05,0.0,
269,ORD00113,PRD0219,3,160.25,115.87,288.45,P1
270,ORD00113,PRD0456,1,389.49,299.09,0.0,
271,ORD00113,PRD0071,3,484.81,384.28,0.0,
272,ORD00114,PRD0450,3,167.55,125.25,0.0,
273,ORD00114,PRD0418,2,386.0,299.7,0.0,
274,ORD00114,PRD0206,2,146.67,109.28,0.0,
275,ORD00115,PRD0410,2,87.13,66.37,0.0,
276,ORD00115,PRD0409,1,302.15,238.2,0.0,
277,ORD00115,PRD0357,3,475.02,371.66,0.0,
278,ORD00115,PRD0483,1,77.82,56.42,0.0,
279,ORD00116,PRD0093,3,257.88,183.93,0.0,
280,ORD00116,PRD0184,3,377.02,265.88,0.0,
281,ORD00116,PRD0351,3,311.67,247.44,0.0,
282,ORD00116,PRD0067,2,78.69,56.53,0.0,
283,ORD00117,PRD0033,2,302.24,223.2,0.0,
284,ORD00118,PRD0266,3,27.98,19.83,0.0,
285,ORD00118,PRD0317,1,156.59,124.68,0.0,
286,ORD00118,PRD0373,1,31.25,24.32,0.0,
287,ORD00119,PRD0006,3,215.56,160.58,0.0,
288,ORD00120,PRD0039,2,486.23,377.41,0.0,
289,ORD00120,PRD0170,2,243.72,193.58,0.0,
290,ORD00121,PRD0041,2,422.42,317.14,0.0,
291,ORD00121,PRD0294,2,252.71,177.83,0.0,
292,ORD00122,PRD0255,3,29.53,21.95,0.0,
293,ORD00123,PRD0286,3,420.36,318.63,756.65,P1
294,ORD00124,PRD0336,3,78.97,62.91,0.0,
295,ORD00124,PRD0175,2,337.75,263.38,0.0,
296,ORD00125,PRD0287,3,433.98,323.17,0.0,
297,ORD00125,PRD0367,3,17.28,13.46,0.0,
298,ORD00125,PRD0232,1,46.3,35.32,0.0,
299,ORD00126,PRD0182,3,146.35,116.37,0.0,
300,ORD00126,PRD0150,3,361.99,267.29,0.0,
301,ORD00126,PRD0360,1,129.35,92.17,77.61,P1
302,ORD00127,PRD0313,1,80.13,59.79,16.03,P2
303,ORD00127,PRD0111,2,450.47,324.79,180.19,P2
304,ORD00127,PRD0367,2,17.28,13.46,6.91,P2
305,ORD00128,PRD0338,3,54.25,40.12,0.0,
306,ORD00128,PRD0069,2,405.93,318.9,20.0,P3
307,ORD00128,PRD0284,2,176.54,137.48,0.0,
308,ORD00128,PRD0248,3,66.24,47.86,0.0,
309,ORD00129,PRD0375,1,39.8,29.77,0.0,
310,ORD00129,PRD0337,3,483.96,377.71,0.0,
311,ORD00130,PRD0141,2,307.26,224.98,0.0,
312,ORD00130,PRD0497,2,115.67,82.7,0.0,
313,ORD00131,PRD0432,3,173.2,124.15,0.0,
314,ORD00131,PRD0161,3,385.25,289.76,0.0,
315,ORD00131,PRD0284,3,176.54,137.48,0.0,
316,ORD00132,PRD0472,3,28.5,20.91,0.0,
317,ORD00132,PRD0364,3,11.39,8.95,0.0,
318,ORD00132,PRD0092,3,498.09,352.31,0.0,
319,ORD00133,PRD0390,2,407.77,308.13,489.32,P1
320,ORD00134,PRD0450,2,167.55,125.25,0.0,
321,ORD00134,PRD0268,1,433.81,339.45,0.0,
322,ORD00134,PRD0075,1,463.99,361.22,0.0,
323,ORD00135,PRD0350,2,443.85,339.76,0.0,
324,ORD00135,PRD0032,3,84.89,60.78,0.0,
325,ORD00135,PRD0105,3,322.19,233.97,0.0,
326,ORD00136,PRD0381,3,232.32,176.69,0.0,
327,ORD00136,PRD0122,3,119.23,91.33,0.0,
328,ORD00137,PRD0475,2,406.43,291.23,0.0,
329,ORD00138,PRD0007,3,406.62,284.9,0.0,
330,ORD00139,PRD0387,3,477.26,366.86,0.0,
331,ORD00139,PRD0309,1,185.65,137.95,0.0,
332,ORD00139,PRD0494,1,459.52,343.37,0.0,
333,ORD00140,PRD0377,3,46.01,32.58,0.0,
334,ORD00140,PRD0021,2,90.07,66.47,0.0,
335,ORD00141,PRD0003,2,52.6,39.04,0.0,
336,ORD00141,PRD0480,1,492.38,367.4,0.0,
337,ORD00141,PRD0476,2,31.41,23.13,0.0,
338,ORD00142,PRD0038,3,223.03,166.24,401.45,P1
339,ORD00142,PRD0095,3,149.64,111.3,269.35,P1
340,ORD00142,PRD0213,3,282.04,204.21,169.22,P2
341,ORD00143,PRD0170,2,243.72,193.58,97.49,P2
342,ORD00143,PRD0288,3,179.11,135.26,30.0,P3
343,ORD00143,PRD0229,1,240.0,178.57,144.0,P1
344,ORD00144,PRD0196,1,59.93,46.58,0.0,
345,ORD00144,PRD0277,3,236.11,168.05,0.0,
346,ORD00144,PRD0467,3,187.3,137.9,0.0,
347,ORD00145,PRD0152,3,447.4,351.68,0.0,
348,ORD00146,PRD0498,3,268.61,191.01,0.0,
349,ORD00146,PRD0321,1,20.75,16.25,12.45,P1
350,ORD00147,PRD0276,3,280.6,199.04,0.0,
351,ORD00147,PRD0380,2,196.64,149.4,0.0,
352,ORD00148,PRD0013,2,48.61,35.45,19.44,P2
353,ORD00148,PRD0045,1,465.26,366.57,93.05,P2
354,ORD00149,PRD0467,2,187.3,137.9,74.92,P2
355,ORD00149,PRD0323,2,456.2,353.33,182.48,P2
356,ORD00150,PRD0329,3,188.78,134.63,0.0,
357,ORD00151,PRD0184,3,377.02,265.88,30.0,P3
358,ORD00152,PRD0196,2,59.93,46.58,0.0,
359,ORD00152,PRD0016,2,388.8,310.47,0.0,
360,ORD00152,PRD0113,1,443.23,328.27,0.0,
361,ORD00152,PRD0408,3,162.7,119.17,292.86,P1
362,ORD00153,PRD0064,1,238.84,184.6,0.0,
363,ORD00153,PRD0306,2,489.39,379.78,0.0,
364,ORD00154,PRD0384,3,445.16,330.03,267.1,P2
365,ORD00154,PRD0109,2,280.74,208.58,112.3,P2
366,ORD00155,PRD0100,1,86.17,62.75,10.0,P3
367,ORD00155,PRD0436,3,95.01,67.96,0.0,
368,ORD00155,PRD0282,1,259.04,204.11,0.0,
369,ORD00156,PRD0372,3,231.48,167.16,0.0,
370,ORD00156,PRD0170,2,243.72,193.58,0.0,
371,ORD00157,PRD0318,1,233.85,170.76,0.0,
372,ORD00157,PRD0163,2,124.9,91.62,0.0,
373,ORD00157,PRD0316,3,46.19,36.7,0.0,
374,ORD00158,PRD0414,2,64.34,49.4,0.0,
375,ORD00158,PRD0087,1,266.16,211.19,0.0,
376,ORD00158,PRD0403,1,461.55,339.29,0.0,
377,ORD00159,PRD0069,3,405.93,318.9,0.0,
378,ORD00159,PRD0450,2,167.55,125.25,0.0,
379,ORD00159,PRD0184,2,377.02,265.88,0.0,
380,ORD00160,PRD0431,2,436.56,338.15,0.0,
381,ORD00161,PRD0373,1,31.25,24.32,6.25,P2
382,ORD00162,PRD0465,1,408.46,313.29,0.0,
383,ORD00162,PRD0279,3,355.65,263.73,0.0,
384,ORD00163,PRD0115,3,433.66,345.9,260.2,P2
385,ORD00163,PRD0069,2,405.93,318.9,162.37,P2
386,ORD00163,PRD0204,2,389.57,290.81,155.83,P2
387,ORD00163,PRD0435,3,125.77,89.88,75.46,P2
388,ORD00164,PRD0377,3,46.01,32.58,0.0,
389,ORD00164,PRD0184,1,377.02,265.88,10.0,P3
390,ORD00165,PRD0120,1,118.99,93.01,0.0,
391,ORD00165,PRD0266,2,27.98,19.83,0.0,
392,ORD00165,PRD0470,2,47.81,37.5,0.0,
393,ORD00166,PRD0428,3,417.69,330.8,250.61,P2
394,ORD00166,PRD0193,3,465.15,352.39,279.09,P2
395,ORD00166,PRD0265,2,334.67,247.67,133.87,P2
396,ORD00167,PRD0455,3,192.7,140.34,346.86,P1
397,ORD00167,PRD0226,1,32.3,22.79,0.0,
398,ORD00167,PRD0264,3,171.6,132.02,0.0,
399,ORD00167,PRD0077,1,334.32,250.29,0.0,
400,ORD00168,PRD0213,2,282.04,204.21,0.0,
401,ORD00168,PRD0247,3,333.98,264.97,0.0,
402,ORD00169,PRD0012,1,272.75,217.47,0.0,
403,ORD00169,PRD0294,4,252.71,177.83,0.0,
404,ORD00169,PRD0323,3,456.2,353.33,0.0,
405,ORD00170,PRD0307,3,227.4,174.96,136.44,P2
406,ORD00170,PRD0485,1,358.59,269.51,71.72,P2
407,ORD00170,PRD0445,2,28.43,20.95,11.37,P2
408,ORD00170,PRD0308,1,32.54,25.37,6.51,P2
409,ORD00171,PRD0473,2,74.21,54.74,0.0,
410,ORD00171,PRD0036,1,344.04,259.3,0.0,
411,ORD00171,PRD0068,1,132.41,104.91,0.0,
412,ORD00172,PRD0091,2,14.56,11.1,0.0,
413,ORD00173,PRD0048,2,409.85,326.98,0.0,
414,ORD00174,PRD0268,2,433.81,339.45,0.0,
415,ORD00174,PRD0023,3,122.23,85.95,0.0,
416,ORD00174,PRD0118,2,140.73,109.59,0.0,
417,ORD00174,PRD0196,2,59.93,46.58,0.0,
418,ORD00175,PRD0131,2,10.83,8.58,0.0,
419,ORD00175,PRD0466,1,55.79,42.79,0.0,
420,ORD00176,PRD0003,3,52.6,39.04,0.0,
421,ORD00176,PRD0004,3,55.91,40.44,0.0,
422,ORD00177,PRD0353,2,227.9,164.91,0.0,
423,ORD00177,PRD0055,1,131.47,92.87,0.0,
424,ORD00178,PRD0290,2,490.58,355.12,0.0,
425,ORD00178,PRD0349,2,215.37,166.75,0.0,
426,ORD00178,PRD0212,3,51.95,40.11,0.0,
427,ORD00178,PRD0248,1,66.24,47.86,0.0,
428,ORD00179,PRD0296,2,438.35,326.15,0.0,
429,ORD00179,PRD0204,3,389.57,290.81,0.0,
430,ORD00179,PRD0443,3,400.2,303.81,720.36,P1
431,ORD00180,PRD0261,2,98.93,75.04,0.0,
432,ORD00180,PRD0411,3,143.33,109.82,0.0,
433,ORD00181,PRD0494,3,459.52,343.37,827.14,P1
434,ORD00181,PRD0075,2,463.99,361.22,0.0,
435,ORD00181,PRD0223,1,302.43,241.35,0.0,
436,ORD00181,PRD0114,2,377.24,298.99,0.0,
437,ORD00182,PRD0365,3,493.89,372.4,0.0,
438,ORD00182,PRD0397,1,190.1,147.57,0.0,
439,ORD00182,PRD0225,1,16.93,12.76,0.0,
440,ORD00183,PRD0402,3,24.19,17.59,0.0,
441,ORD00184,PRD0346,1,473.67,345.99,0.0,
442,ORD00184,PRD0336,1,78.97,62.91,0.0,
443,ORD00185,PRD0343,2,458.48,331.09,0.0,
444,ORD00185,PRD0103,3,55.23,41.0,0.0,
445,ORD00185,PRD0361,1,110.55,86.56,0.0,
446,ORD00186,PRD0178,2,286.55,201.36,0.0,
447,ORD00186,PRD0494,1,459.52,343.37,0.0,
448,ORD00186,PRD0207,3,289.23,221.79,0.0,
449,ORD00187,PRD0287,1,433.98,323.17,0.0,
450,ORD00188,PRD0449,3,230.37,179.91,0.0,
451,ORD00188,PRD0295,2,483.02,354.15,0.0,
452,ORD00188,PRD0495,2,381.83,285.19,0.0,
453,ORD00189,PRD0349,2,215.37,166.75,0.0,
454,ORD00189,PRD0442,1,225.48,168.41,0.0,
455,ORD00189,PRD0133,1,188.47,133.25,0.0,
456,ORD00189,PRD0404,1,436.23,330.07,0.0,
457,ORD00190,PRD0265,3,334.67,247.67,602.41,P1
458,ORD00190,PRD0128,2,366.99,268.4,440.39,P1
459,ORD00190,PRD0421,2,255.13,199.85,0.0,
460,ORD00191,PRD0182,1,146.35,116.37,0.0,
461,ORD00191,PRD0138,1,341.89,270.19,0.0,
462,ORD00191,PRD0350,1,443.85,339.76,0.0,
463,ORD00192,PRD0447,2,311.35,233.73,0.0,
464,ORD00192,PRD0104,1,31.6,23.17,0.0,
465,ORD00193,PRD0472,1,28.5,20.91,5.7,P2
466,ORD00194,PRD0435,2,125.77,89.88,0.0,
467,ORD00195,PRD0252,1,225.19,168.19,0.0,
468,ORD00195,PRD0469,3,104.08,83.26,0.0,
469,ORD00195,PRD0114,3,377.24,298.99,0.0,
470,ORD00196,PRD0258,2,297.69,209.0,119.08,P2
471,ORD00197,PRD0162,3,144.55,102.31,30.0,P3
472,ORD00197,PRD0195,3,300.13,235.02,0.0,
473,ORD00197,PRD0186,3,379.57,301.74,0.0,
474,ORD00197,PRD0096,3,354.73,270.01,30.0,P3
475,ORD00198,PRD0256,2,305.82,214.87,0.0,
476,ORD00198,PRD0359,2,485.84,342.55,0.0,
477,ORD00199,PRD0293,1,199.18,152.65,0.0,
478,ORD00199,PRD0352,1,26.03,19.19,0.0,
479,ORD00200,PRD0439,2,229.96,182.22,0.0,
480,ORD00200,PRD0410,3,87.13,66.37,0.0,
481,ORD00200,PRD0413,1,379.92,270.27,0.0,
482,ORD00200,PRD0256,1,305.82,214.87,0.0,
483,ORD00201,PRD0129,3,492.28,350.29,0.0,
484,ORD00201,PRD0025,2,439.42,321.42,0.0,
485,ORD00201,PRD0084,1,207.85,165.07,0.0,
486,ORD00202,PRD0231,3,65.9,46.56,0.0,
487,ORD00203,PRD0177,1,271.72,214.85,54.34,P2
488,ORD00203,PRD0445,3,28.43,20.95,0.0,
489,ORD00203,PRD0102,3,257.65,186.83,463.77,P1
490,ORD00204,PRD0345,3,328.13,233.52,0.0,
491,ORD00204,PRD0378,2,82.68,58.92,0.0,
492,ORD00204,PRD0196,3,59.93,46.58,0.0,
493,ORD00205,PRD0216,3,160.04,121.34,0.0,
494,ORD00205,PRD0208,1,24.06,18.89,14.44,P1
495,ORD00205,PRD0161,2,385.25,289.76,0.0,
496,ORD00206,PRD0139,2,288.86,213.93,0.0,
497,ORD00206,PRD0481,2,391.28,293.57,0.0,
498,ORD00206,PRD0267,2,168.4,134.22,0.0,
499,ORD00206,PRD0095,1,149.64,111.3,89.78,P1
500,ORD00207,PRD0204,1,389.57,290.81,0.0,
501,ORD00207,PRD0480,2,492.38,367.4,0.0,
502,ORD00208,PRD0054,2,224.67,168.9,0.0,
503,ORD00209,PRD0127,3,28.75,21.84,0.0,
504,ORD00209,PRD0321,1,20.75,16.25,12.45,P1
505,ORD00210,PRD0441,2,433.48,330.62,0.0,
506,ORD00210,PRD0240,3,474.32,341.88,0.0,
507,ORD00210,PRD0281,2,80.87,58.15,0.0,
508,ORD00211,PRD0324,3,390.11,282.05,0.0,
509,ORD00211,PRD0289,2,194.83,154.56,0.0,
510,ORD00211,PRD0328,3,161.38,120.08,0.0,
511,ORD00211,PRD0178,2,286.55,201.36,0.0,
512,ORD00212,PRD0188,2,71.85,55.11,0.0,
513,ORD00212,PRD0156,1,494.07,375.27,0.0,
514,ORD00212,PRD0418,1,386.0,299.7,10.0,P3
515,ORD00213,PRD0485,2,358.59,269.51,0.0,
516,ORD00213,PRD0393,2,435.37,336.15,0.0,
517,ORD00213,PRD0306,1,489.39,379.78,0.0,
518,ORD00213,PRD0281,2,80.87,58.15,0.0,
519,ORD00214,PRD0084,3,207.85,165.07,0.0,
520,ORD00214,PRD0200,2,16.2,12.02,0.0,
521,ORD00215,PRD0265,3,334.67,247.67,0.0,
522,ORD00215,PRD0351,2,311.67,247.44,0.0,
523,ORD00216,PRD0437,1,96.8,75.24,0.0,
524,ORD00216,PRD0149,1,213.08,162.58,0.0,
525,ORD00217,PRD0097,2,13.83,10.81,0.0,
526,ORD00217,PRD0026,3,203.86,161.35,0.0,
527,ORD00217,PRD0498,1,268.61,191.01,0.0,
528,ORD00217,PRD0065,3,39.7,30.68,0.0,
529,ORD00218,PRD0008,2,352.09,258.44,0.0,
530,ORD00218,PRD0216,2,160.04,121.34,0.0,
531,ORD00219,PRD0170,1,243.72,193.58,0.0,
532,ORD00220,PRD0398,2,120.82,89.76,0.0,
533,ORD00220,PRD0241,1,139.68,98.91,0.0,
534,ORD00220,PRD0431,2,436.56,338.15,0.0,
535,ORD00221,PRD0198,2,393.49,289.11,0.0,
536,ORD00221,PRD0018,1,321.49,236.77,0.0,
537,ORD00222,PRD0243,2,210.17,161.61,0.0,
538,ORD00222,PRD0160,2,230.53,178.7,0.0,
539,ORD00223,PRD0130,2,103.14,72.66,0.0,
540,ORD00224,PRD0499,1,126.44,90.05,0.0,
541,ORD00224,PRD0223,2,302.43,241.35,0.0,
542,ORD00225,PRD0203,1,483.08,351.2,0.0,
543,ORD00226,PRD0191,1,482.23,372.2,0.0,
544,ORD00226,PRD0256,1,305.82,214.87,0.0,
545,ORD00227,PRD0331,1,74.76,56.36,0.0,
546,ORD00227,PRD0406,1,54.96,41.39,0.0,
547,ORD00227,PRD0120,2,118.99,93.01,0.0,
548,ORD00228,PRD0011,3,305.83,238.77,0.0,
549,ORD00228,PRD0371,1,391.23,293.94,0.0,
550,ORD00229,PRD0287,2,433.98,323.17,173.59,P2
551,ORD00229,PRD0098,3,466.56,331.42,839.81,P1
552,ORD00229,PRD0375,2,39.8,29.77,15.92,P2
553,ORD00229,PRD0036,3,344.04,259.3,206.42,P2
554,ORD00230,PRD0233,1,84.35,65.89,0.0,
555,ORD00230,PRD0260,2,240.55,184.06,0.0,
556,ORD00230,PRD0453,1,29.18,22.49,0.0,
557,ORD00231,PRD0338,3,54.25,40.12,0.0,
558,ORD00232,PRD0314,2,235.19,180.32,0.0,
559,ORD00232,PRD0329,2,188.78,134.63,0.0,
560,ORD00233,PRD0092,1,498.09,352.31,0.0,
561,ORD00233,PRD0249,1,455.12,356.21,10.0,P3
562,ORD00234,PRD0026,2,203.86,161.35,0.0,
563,ORD00234,PRD0368,1,298.54,209.45,0.0,
564,ORD00234,PRD0472,1,28.5,20.91,0.0,
565,ORD00235,PRD0185,3,119.87,84.73,0.0,
566,ORD00236,PRD0422,3,45.32,35.63,0.0,
567,ORD00237,PRD0484,1,438.32,331.13,87.66,P2
568,ORD00238,PRD0098,1,466.56,331.42,0.0,
569,ORD00238,PRD0128,3,366.99,268.4,0.0,
570,ORD00238,PRD0092,3,498.09,352.31,0.0,
571,ORD00238,PRD0213,3,282.04,204.21,0.0,
572,ORD00239,PRD0360,3,129.35,92.17,232.83,P1
573,ORD00239,PRD0406,1,54.96,41.39,10.99,P2
574,ORD00239,PRD0337,1,483.96,377.71,96.79,P2
575,ORD00239,PRD0478,2,124.66,90.24,0.0,
576,ORD00240,PRD0392,3,211.3,166.37,0.0,
577,ORD00240,PRD0372,2,231.48,167.16,0.0,
578,ORD00240,PRD0289,3,194.83,154.56,0.0,
579,ORD00240,PRD0393,3,435.37,336.15,0.0,
580,ORD00241,PRD0492,2,23.81,18.88,0.0,
581,ORD00241,PRD0018,2,321.49,236.77,0.0,
582,ORD00241,PRD0266,1,27.98,19.83,0.0,
583,ORD00241,PRD0155,1,233.67,182.3,0.0,
584,ORD00242,PRD0396,3,119.88,85.21,0.0,
585,ORD00243,PRD0236,2,120.59,90.71,0.0,
586,ORD00244,PRD0120,2,118.99,93.01,0.0,
587,ORD00244,PRD0048,3,409.85,326.98,0.0,
588,ORD00245,PRD0371,2,391.23,293.94,0.0,
589,ORD00246,PRD0305,3,498.74,386.36,0.0,
590,ORD00247,PRD0472,2,28.5,20.91,0.0,
591,ORD00248,PRD0446,1,47.6,37.43,0.0,
592,ORD00249,PRD0028,2,274.1,212.35,0.0,
593,ORD00249,PRD0164,3,49.48,35.38,0.0,
594,ORD00249,PRD0168,3,200.84,156.05,0.0,
595,ORD00249,PRD0079,1,370.51,261.62,0.0,
596,ORD00250,PRD0114,2,377.24,298.99,0.0,
597,ORD00251,PRD0043,2,477.21,378.07,0.0,
598,ORD00251,PRD0026,3,203.86,161.35,0.0,
599,ORD00251,PRD0044,2,303.48,227.26,0.0,
600,ORD00252,PRD0287,1,433.98,323.17,86.8,P2
601,ORD00252,PRD0288,3,179.11,135.26,107.47,P2
602,ORD00252,PRD0125,1,172.26,121.06,34.45,P2
603,ORD00252,PRD0166,3,213.29,156.36,127.97,P2
604,ORD00253,PRD0179,1,76.49,57.07,0.0,
605,ORD00253,PRD0305,3,498.74,386.36,897.73,P1
606,ORD00253,PRD0180,3,137.48,100.74,0.0,
607,ORD00254,PRD0226,1,32.3,22.79,0.0,
608,ORD00254,PRD0120,1,118.99,93.01,0.0,
609,ORD00255,PRD0125,3,172.26,121.06,0.0,
610,ORD00256,PRD0356,1,205.09,147.46,0.0,
611,ORD00256,PRD0242,1,95.17,67.33,0.0,
612,ORD00256,PRD0379,3,320.21,241.71,0.0,
613,ORD00257,PRD0319,3,428.13,304.26,0.0,
614,ORD00257,PRD0356,3,205.09,147.46,0.0,
615,ORD00257,PRD0193,3,465.15,352.39,0.0,
616,ORD00257,PRD0270,1,36.56,27.49,0.0,
617,ORD00258,PRD0028,2,274.1,212.35,0.0,
618,ORD00258,PRD0005,1,23.0,16.56,0.0,
619,ORD00258,PRD0139,3,288.86,213.93,0.0,
620,ORD00259,PRD0150,3,361.99,267.29,0.0,
621,ORD00260,PRD0444,3,258.6,189.05,0.0,
622,ORD00260,PRD0096,1,354.73,270.01,0.0,
623,ORD00260,PRD0235,3,384.58,292.52,0.0,
624,ORD00260,PRD0012,1,272.75,217.47,0.0,
625,ORD00261,PRD0202,3,356.58,265.13,0.0,
626,ORD00261,PRD0178,3,286.55,201.36,0.0,
627,ORD00261,PRD0321,2,20.75,16.25,0.0,
628,ORD00261,PRD0257,2,481.34,377.18,0.0,
629,ORD00262,PRD0484,3,438.32,331.13,0.0,
630,ORD00263,PRD0337,1,483.96,377.71,0.0,
631,ORD00263,PRD0196,3,59.93,46.58,0.0,
632,ORD00263,PRD0314,3,235.19,180.32,0.0,
633,ORD00263,PRD0214,1,326.49,244.57,0.0,
634,ORD00264,PRD0230,3,483.09,350.36,0.0,
635,ORD00264,PRD0335,1,404.07,301.77,0.0,
636,ORD00264,PRD0351,1,311.67,247.44,0.0,
637,ORD00265,PRD0336,3,78.97,62.91,0.0,
638,ORD00265,PRD0163,1,124.9,91.62,0.0,
639,ORD00266,PRD0430,1,298.55,224.63,0.0,
640,ORD00266,PRD0392,2,211.3,166.37,0.0,
641,ORD00266,PRD0212,2,51.95,40.11,0.0,
642,ORD00267,PRD0055,1,131.47,92.87,0.0,
643,ORD00267,PRD0391,3,478.75,362.02,0.0,
644,ORD00268,PRD0119,3,197.45,138.98,0.0,
645,ORD00268,PRD0041,3,422.42,317.14,0.0,
646,ORD00269,PRD0095,2,149.64,111.3,0.0,
647,ORD00269,PRD0071,1,484.81,384.28,0.0,
648,ORD00269,PRD0017,2,434.58,320.73,0.0,
649,ORD00270,PRD0381,3,232.32,176.69,0.0,
650,ORD00270,PRD0388,1,42.9,33.6,0.0,
651,ORD00271,PRD0353,2,227.9,164.91,0.0,
652,ORD00271,PRD0455,1,192.7,140.34,0.0,
653,ORD00271,PRD0398,1,120.82,89.76,0.0,
654,ORD00271,PRD0423,2,223.75,166.91,0.0,
655,ORD00272,PRD0232,2,46.3,35.32,0.0,
656,ORD00273,PRD0377,1,46.01,32.58,0.0,
657,ORD00273,PRD0265,3,334.67,247.67,0.0,
658,ORD00273,PRD0098,2,466.56,331.42,0.0,
659,ORD00273,PRD0453,2,29.18,22.49,0.0,
660,ORD00274,PRD0151,3,129.55,99.18,0.0,
661,ORD00274,PRD0354,3,58.68,45.1,0.0,
662,ORD00274,PRD0238,3,495.12,361.7,0.0,
663,ORD00274,PRD0370,3,65.69,46.4,0.0,
664,ORD00275,PRD0166,2,213.29,156.36,0.0,
665,ORD00275,PRD0233,3,84.35,65.89,0.0,
666,ORD00275,PRD0459,1,149.23,115.26,0.0,
667,ORD00275,PRD0047,2,474.01,335.87,0.0,
668,ORD00276,PRD0047,1,474.01,335.87,0.0,
669,ORD00277,PRD0373,3,31.25,24.32,18.75,P2
670,ORD00277,PRD0194,3,204.36,157.66,122.62,P2
671,ORD00277,PRD0468,2,476.07,349.52,190.43,P2
672,ORD00277,PRD0084,1,207.85,165.07,41.57,P2
673,ORD00278,PRD0148,3,309.52,240.45,185.71,P2
674,ORD00278,PRD0492,1,23.81,18.88,4.76,P2
675,ORD00278,PRD0007,2,406.62,284.9,487.94,P1
676,ORD00278,PRD0414,1,64.34,49.4,12.87,P2
677,ORD00279,PRD0233,2,84.35,65.89,0.0,
678,ORD00279,PRD0308,3,32.54,25.37,0.0,
679,ORD00279,PRD0452,3,491.37,348.1,884.47,P1
680,ORD00279,PRD0420,1,96.09,70.92,0.0,
681,ORD00280,PRD0019,1,184.08,141.19,0.0,
682,ORD00280,PRD0342,3,313.58,249.08,0.0,
683,ORD00280,PRD0153,2,391.43,282.57,0.0,
684,ORD00281,PRD0083,3,43.58,30.8,0.0,
685,ORD00281,PRD0339,3,272.92,203.46,0.0,
686,ORD00282,PRD0477,1,485.1,369.19,10.0,P3
687,ORD00282,PRD0166,2,213.29,156.36,0.0,
688,ORD00282,PRD0420,1,96.09,70.92,0.0,
689,ORD00283,PRD0069,1,405.93,318.9,0.0,
690,ORD00283,PRD0141,2,307.26,224.98,0.0,
691,ORD00283,PRD0269,1,332.25,250.6,0.0,
692,ORD00283,PRD0314,1,235.19,180.32,141.11,P1
693,ORD00284,PRD0219,3,160.25,115.87,0.0,
694,ORD00284,PRD0133,3,188.47,133.25,0.0,
695,ORD00284,PRD0320,2,290.24,219.85,0.0,
696,ORD00285,PRD0253,1,352.87,280.27,0.0,
697,ORD00285,PRD0120,3,118.99,93.01,0.0,
698,ORD00285,PRD0100,1,86.17,62.75,0.0,
699,ORD00285,PRD0239,3,39.51,31.45,0.0,
700,ORD00286,PRD0212,1,51.95,40.11,0.0,
701,ORD00286,PRD0287,3,433.98,323.17,0.0,
702,ORD00286,PRD0328,1,161.38,120.08,0.0,
703,ORD00286,PRD0131,1,10.83,8.58,0.0,
704,ORD00287,PRD0352,2,26.03,19.19,0.0,
705,ORD00288,PRD0170,2,243.72,193.58,0.0,
706,ORD00288,PRD0246,2,462.72,360.36,0.0,
707,ORD00289,PRD0322,2,144.5,109.33,0.0,
708,ORD00289,PRD0275,2,357.79,261.57,0.0,
709,ORD00290,PRD0428,3,417.69,330.8,0.0,
710,ORD00291,PRD0107,3,64.82,51.5,0.0,
711,ORD00292,PRD0144,1,332.84,242.43,0.0,
712,ORD00292,PRD0193,3,465.15,352.39,0.0,
713,ORD00293,PRD0443,2,400.2,303.81,480.24,P1
714,ORD00294,PRD0255,1,29.53,21.95,0.0,
715,ORD00295,PRD0090,1,234.04,185.57,0.0,
716,ORD00295,PRD0020,1,308.47,221.21,0.0,
717,ORD00295,PRD0228,3,60.27,42.26,0.0,
718,ORD00296,PRD0473,2,74.21,54.74,0.0,
719,ORD00296,PRD0269,2,332.25,250.6,0.0,
720,ORD00296,PRD0074,1,195.7,156.27,0.0,
721,ORD00297,PRD0236,2,120.59,90.71,0.0,
722,ORD00298,PRD0478,1,124.66,90.24,0.0,
723,ORD00298,PRD0305,1,498.74,386.36,299.24,P1
724,ORD00298,PRD0053,3,359.34,265.88,0.0,
725,ORD00299,PRD0328,1,161.38,120.08,0.0,
726,ORD00299,PRD0099,2,139.59,110.13,0.0,
727,ORD00299,PRD0164,2,49.48,35.38,0.0,
728,ORD00300,PRD0059,1,44.72,32.37,0.0,
729,ORD00300,PRD0287,3,433.98,323.17,0.0,
730,ORD00300,PRD0278,2,254.2,196.16,0.0,
731,ORD00301,PRD0294,1,252.71,177.83,0.0,
732,ORD00301,PRD0160,3,230.53,178.7,0.0,
733,ORD00301,PRD0277,2,236.11,168.05,0.0,
734,ORD00302,PRD0055,2,131.47,92.87,0.0,
735,ORD00303,PRD0316,2,46.19,36.7,0.0,
736,ORD00303,PRD0419,1,170.78,119.68,0.0,
737,ORD00303,PRD0344,3,321.35,239.86,0.0,
738,ORD00303,PRD0473,2,74.21,54.74,0.0,
739,ORD00304,PRD0159,3,449.63,348.18,0.0,
740,ORD00304,PRD0393,2,435.37,336.15,0.0,
741,ORD00304,PRD0486,1,149.68,116.2,0.0,
742,ORD00304,PRD0459,3,149.23,115.26,0.0,
743,ORD00305,PRD0404,2,436.23,330.07,0.0,
744,ORD00305,PRD0016,1,388.8,310.47,0.0,
745,ORD00305,PRD0180,2,137.48,100.74,0.0,
746,ORD00306,PRD0261,1,98.93,75.04,0.0,
747,ORD00306,PRD0366,1,63.86,50.24,0.0,
748,ORD00307,PRD0206,3,146.67,109.28,0.0,
749,ORD00307,PRD0318,1,233.85,170.76,0.0,
750,ORD00307,PRD0499,2,126.44,90.05,0.0,
751,ORD00307,PRD0175,1,337.75,263.38,0.0,
752,ORD00308,PRD0279,3,355.65,263.73,0.0,
753,ORD00308,PRD0340,3,296.43,231.88,533.57,P1
754,ORD00308,PRD0059,3,44.72,32.37,0.0,
755,ORD00309,PRD0158,2,219.1,173.24,0.0,
756,ORD00309,PRD0056,3,298.27,215.65,0.0,
757,ORD00310,PRD0331,3,74.76,56.36,0.0,
758,ORD00310,PRD0112,1,336.8,247.67,0.0,
759,ORD00310,PRD0463,3,73.19,56.42,0.0,
760,ORD00310,PRD0388,1,42.9,33.6,0.0,
761,ORD00311,PRD0101,1,361.63,260.5,0.0,
762,ORD00311,PRD0163,2,124.9,91.62,0.0,
763,ORD00311,PRD0468,3,476.07,349.52,0.0,
764,ORD00311,PRD0483,2,77.82,56.42,0.0,
765,ORD00312,PRD0314,3,235.19,180.32,0.0,
766,ORD00313,PRD0462,3,484.17,372.74,0.0,
767,ORD00313,PRD0001,3,22.26,16.19,0.0,
768,ORD00313,PRD0184,1,377.02,265.88,0.0,
769,ORD00314,PRD0360,3,129.35,92.17,0.0,
770,ORD00314,PRD0163,3,124.9,91.62,0.0,
771,ORD00314,PRD0196,2,59.93,46.58,0.0,
772,ORD00314,PRD0340,1,296.43,231.88,0.0,
773,ORD00315,PRD0079,2,370.51,261.62,0.0,
774,ORD00315,PRD0344,1,321.35,239.86,0.0,
775,ORD00315,PRD0037,3,386.61,283.78,695.9,P1
776,ORD00315,PRD0250,3,39.22,30.56,0.0,
777,ORD00316,PRD0441,2,433.48,330.62,0.0,
778,ORD00316,PRD0357,3,475.02,371.66,0.0,
779,ORD00316,PRD0320,1,290.24,219.85,0.0,
780,ORD00316,PRD0218,3,172.09,132.56,0.0,
781,ORD00317,PRD0218,3,172.09,132.56,0.0,
782,ORD00317,PRD0256,3,305.82,214.87,0.0,
783,ORD00318,PRD0018,1,321.49,236.77,0.0,
784,ORD00318,PRD0361,2,110.55,86.56,0.0,
785,ORD00318,PRD0247,3,333.98,264.97,0.0,
786,ORD00319,PRD0268,3,433.81,339.45,0.0,
787,ORD00320,PRD0314,1,235.19,180.32,0.0,
788,ORD00320,PRD0274,1,24.15,18.43,0.0,
789,ORD00320,PRD0263,2,173.32,132.94,0.0,
790,ORD00321,PRD0149,1,213.08,162.58,0.0,
791,ORD00321,PRD0473,3,74.21,54.74,0.0,
792,ORD00321,PRD0373,3,31.25,24.32,0.0,
793,ORD00322,PRD0294,1,252.71,177.83,0.0,
794,ORD00322,PRD0150,3,361.99,267.29,0.0,
795,ORD00323,PRD0259,1,292.36,226.96,0.0,
796,ORD00323,PRD0143,2,398.93,317.54,0.0,
797,ORD00324,PRD0380,1,196.64,149.4,0.0,
798,ORD00325,PRD0190,1,385.78,276.52,231.47,P1
799,ORD00325,PRD0249,1,455.12,356.21,0.0,
800,ORD00325,PRD0442,1,225.48,168.41,0.0,
801,ORD00325,PRD0044,1,303.48,227.26,0.0,
802,ORD00326,PRD0395,2,258.63,185.04,0.0,
803,ORD00326,PRD0226,3,32.3,22.79,0.0,
804,ORD00326,PRD0108,3,277.34,217.28,0.0,
805,ORD00326,PRD0177,1,271.72,214.85,0.0,
806,ORD00327,PRD0238,2,495.12,361.7,198.05,P2
807,ORD00327,PRD0383,3,363.21,262.06,217.93,P2
808,ORD00328,PRD0007,2,406.62,284.9,0.0,
809,ORD00328,PRD0230,2,483.09,350.36,0.0,
810,ORD00328,PRD0493,3,397.78,283.92,0.0,
811,ORD00328,PRD0022,1,117.61,86.14,0.0,
812,ORD00329,PRD0172,2,273.73,211.72,109.49,P2
813,ORD00329,PRD0131,3,10.83,8.58,6.5,P2
814,ORD00329,PRD0396,3,119.88,85.21,71.93,P2
815,ORD00330,PRD0161,3,385.25,289.76,693.45,P1
816,ORD00330,PRD0035,1,431.78,302.74,0.0,
817,ORD00331,PRD0180,1,137.48,100.74,27.5,P2
818,ORD00331,PRD0099,1,139.59,110.13,27.92,P2
819,ORD00331,PRD0030,3,498.69,355.98,299.21,P2
820,ORD00331,PRD0487,3,230.17,172.93,414.31,P1
821,ORD00332,PRD0193,3,465.15,352.39,0.0,
822,ORD00332,PRD0332,3,270.12,213.76,0.0,
823,ORD00333,PRD0130,2,103.14,72.66,0.0,
824,ORD00333,PRD0480,1,492.38,367.4,0.0,
825,ORD00334,PRD0132,1,346.56,275.18,0.0,
826,ORD00334,PRD0142,1,226.66,163.51,0.0,
827,ORD00334,PRD0171,1,379.2,297.8,0.0,
828,ORD00335,PRD0036,2,344.04,259.3,0.0,
829,ORD00335,PRD0103,3,55.23,41.0,0.0,
830,ORD00335,PRD0331,2,74.76,56.36,0.0,
831,ORD00335,PRD0277,2,236.11,168.05,0.0,
832,ORD00336,PRD0053,1,359.34,265.88,0.0,
833,ORD00336,PRD0293,3,199.18,152.65,0.0,
834,ORD00336,PRD0229,1,240.0,178.57,0.0,
835,ORD00337,PRD0137,1,281.66,202.57,0.0,
836,ORD00337,PRD0464,2,161.7,119.28,0.0,
837,ORD00337,PRD0264,3,171.6,132.02,0.0,
838,ORD00337,PRD0252,2,225.19,168.19,0.0,
839,ORD00338,PRD0002,2,78.37,55.66,0.0,
840,ORD00338,PRD0419,2,170.78,119.68,204.94,P1
841,ORD00339,PRD0206,1,146.67,109.28,0.0,
842,ORD00339,PRD0491,3,199.22,141.08,0.0,
843,ORD00339,PRD0274,2,24.15,18.43,0.0,
844,ORD00340,PRD0091,3,14.56,11.1,0.0,
845,ORD00340,PRD0197,3,404.71,315.52,0.0,
846,ORD00341,PRD0250,1,39.22,30.56,0.0,
847,ORD00341,PRD0225,3,16.93,12.76,30.47,P1
848,ORD00341,PRD0013,3,48.61,35.45,0.0,
849,ORD00342,PRD0406,3,54.96,41.39,0.0,
850,ORD00343,PRD0174,1,223.56,157.14,0.0,
851,ORD00344,PRD0109,3,280.74,208.58,0.0,
852,ORD00345,PRD0474,1,98.61,75.86,0.0,
853,ORD00345,PRD0073,2,433.68,342.71,0.0,
854,ORD00346,PRD0008,1,352.09,258.44,0.0,
855,ORD00346,PRD0464,2,161.7,119.28,0.0,
856,ORD00347,PRD0428,3,417.69,330.8,0.0,
857,ORD00347,PRD0419,1,170.78,119.68,102.47,P1
858,ORD00348,PRD0219,2,160.25,115.87,64.1,P2
859,ORD00348,PRD0167,1,213.73,154.03,42.75,P2
860,ORD00349,PRD0172,1,273.73,211.72,0.0,
861,ORD00349,PRD0073,2,433.68,342.71,20.0,P3
862,ORD00350,PRD0474,3,98.61,75.86,0.0,
863,ORD00350,PRD0052,3,465.17,360.75,0.0,
864,ORD00351,PRD0042,1,84.89,65.9,0.0,
865,ORD00351,PRD0475,1,406.43,291.23,0.0,
866,ORD00351,PRD0304,2,125.04,96.09,0.0,
867,ORD00351,PRD0414,2,64.34,49.4,0.0,
868,ORD00352,PRD0268,2,433.81,339.45,0.0,
869,ORD00352,PRD0481,1,391.28,293.57,0.0,
870,ORD00352,PRD0020,3,308.47,221.21,0.0,
871,ORD00353,PRD0179,2,76.49,57.07,0.0,
872,ORD00353,PRD0121,1,181.33,141.81,0.0,
873,ORD00353,PRD0272,1,109.74,82.85,0.0,
874,ORD00354,PRD0142,1,226.66,163.51,0.0,
875,ORD00354,PRD0408,1,162.7,119.17,0.0,
876,ORD00355,PRD0082,3,480.78,340.4,0.0,
877,ORD00355,PRD0028,3,274.1,212.35,0.0,
878,ORD00356,PRD0316,2,46.19,36.7,0.0,
879,ORD00356,PRD0380,1,196.64,149.4,0.0,
880,ORD00356,PRD0091,1,14.56,11.1,0.0,
881,ORD00357,PRD0370,2,65.69,46.4,0.0,
882,ORD00357,PRD0167,2,213.73,154.03,0.0,
883,ORD00358,PRD0167,1,213.73,154.03,0.0,
884,ORD00359,PRD0457,1,396.72,303.38,0.0,
885,ORD00359,PRD0300,2,175.9,135.31,211.08,P1
886,ORD00359,PRD0111,3,450.47,324.79,0.0,
887,ORD00359,PRD0199,2,334.15,236.21,0.0,
888,ORD00360,PRD0500,2,215.71,168.12,86.28,P2
889,ORD00360,PRD0017,3,434.58,320.73,260.75,P2
890,ORD00360,PRD0070,1,34.79,27.83,10.0,P3
891,ORD00361,PRD0454,2,266.79,203.02,106.72,P2
892,ORD00361,PRD0296,3,438.35,326.15,263.01,P2
893,ORD00362,PRD0429,2,223.99,159.16,0.0,
894,ORD00362,PRD0374,2,157.8,120.61,0.0,
895,ORD00362,PRD0127,1,28.75,21.84,0.0,
896,ORD00362,PRD0297,1,456.12,319.98,0.0,
897,ORD00363,PRD0214,1,326.49,244.57,0.0,
898,ORD00364,PRD0246,3,462.72,360.36,0.0,
899,ORD00364,PRD0232,2,46.3,35.32,0.0,
900,ORD00364,PRD0286,1,420.36,318.63,0.0,
901,ORD00364,PRD0209,1,248.9,183.06,0.0,
902,ORD00365,PRD0009,2,115.5,89.67,0.0,
903,ORD00366,PRD0500,2,215.71,168.12,0.0,
904,ORD00367,PRD0321,2,20.75,16.25,0.0,
905,ORD00367,PRD0001,3,22.26,16.19,0.0,
906,ORD00367,PRD0458,3,171.55,129.66,0.0,
907,ORD00368,PRD0358,3,334.76,255.81,0.0,
908,ORD00368,PRD0407,1,215.72,158.36,0.0,
909,ORD00368,PRD0042,3,84.89,65.9,0.0,
910,ORD00369,PRD0455,1,192.7,140.34,115.62,P1
911,ORD00369,PRD0317,1,156.59,124.68,0.0,
912,ORD00369,PRD0090,3,234.04,185.57,0.0,
913,ORD00370,PRD0123,3,170.85,134.36,30.0,P3
914,ORD00370,PRD0378,3,82.68,58.92,0.0,
915,ORD00370,PRD0360,1,129.35,92.17,0.0,
916,ORD00371,PRD0460,2,437.91,321.14,0.0,
917,ORD00371,PRD0217,2,281.2,206.51,20.0,P3
918,ORD00371,PRD0177,2,271.72,214.85,0.0,
919,ORD00372,PRD0232,3,46.3,35.32,27.78,P2
920,ORD00372,PRD0097,2,13.83,10.81,5.53,P2
921,ORD00372,PRD0460,1,437.91,321.14,87.58,P2
922,ORD00373,PRD0357,1,475.02,371.66,0.0,
923,ORD00374,PRD0151,2,129.55,99.18,0.0,
924,ORD00375,PRD0216,2,160.04,121.34,0.0,
925,ORD00375,PRD0011,2,305.83,238.77,367.0,P1
926,ORD00375,PRD0411,1,143.33,109.82,0.0,
927,ORD00376,PRD0336,3,78.97,62.91,0.0,
928,ORD00376,PRD0249,3,455.12,356.21,0.0,
929,ORD00376,PRD0272,3,109.74,82.85,0.0,
930,ORD00377,PRD0405,2,44.1,34.14,0.0,
931,ORD00377,PRD0191,2,482.23,372.2,0.0,
932,ORD00378,PRD0234,1,51.74,37.5,0.0,
933,ORD00378,PRD0083,3,43.58,30.8,0.0,
934,ORD00378,PRD0094,1,441.62,347.96,0.0,
935,ORD00379,PRD0060,1,114.98,82.01,0.0,
936,ORD00379,PRD0295,1,483.02,354.15,0.0,
937,ORD00380,PRD0341,2,63.09,45.64,0.0,
938,ORD00381,PRD0274,2,24.15,18.43,0.0,
939,ORD00381,PRD0013,2,48.61,35.45,0.0,
940,ORD00382,PRD0080,1,38.01,28.83,0.0,
941,ORD00382,PRD0280,3,490.32,355.17,0.0,
942,ORD00382,PRD0362,2,111.51,80.47,0.0,
943,ORD00383,PRD0174,3,223.56,157.14,402.41,P1
944,ORD00383,PRD0021,1,90.07,66.47,0.0,
945,ORD00383,PRD0060,2,114.98,82.01,20.0,P3
946,ORD00383,PRD0229,2,240.0,178.57,288.0,P1
947,ORD00384,PRD0401,2,465.25,364.27,0.0,
948,ORD00384,PRD0043,3,477.21,378.07,0.0,
949,ORD00385,PRD0100,2,86.17,62.75,20.0,P3
950,ORD00385,PRD0466,3,55.79,42.79,0.0,
951,ORD00385,PRD0076,3,217.27,172.89,0.0,
952,ORD00385,PRD0190,2,385.78,276.52,0.0,
953,ORD00386,PRD0229,3,240.0,178.57,432.0,P1
954,ORD00386,PRD0228,3,60.27,42.26,0.0,
955,ORD00386,PRD0412,2,307.47,227.96,0.0,
956,ORD00387,PRD0072,3,91.49,68.49,0.0,
957,ORD00387,PRD0074,1,195.7,156.27,0.0,
958,ORD00387,PRD0445,3,28.43,20.95,0.0,
959,ORD00387,PRD0034,3,498.1,375.03,0.0,
960,ORD00388,PRD0213,1,282.04,204.21,0.0,
961,ORD00388,PRD0364,3,11.39,8.95,0.0,
962,ORD00388,PRD0071,1,484.81,384.28,10.0,P3
963,ORD00389,PRD0428,3,417.69,330.8,0.0,
964,ORD00389,PRD0287,3,433.98,323.17,0.0,
965,ORD00389,PRD0014,1,443.87,326.76,0.0,
966,ORD00390,PRD0214,1,326.49,244.57,0.0,
967,ORD00390,PRD0353,3,227.9,164.91,0.0,
968,ORD00390,PRD0062,2,405.67,291.69,0.0,
969,ORD00391,PRD0298,2,210.89,161.43,0.0,
970,ORD00391,PRD0445,2,28.43,20.95,0.0,
971,ORD00391,PRD0244,3,152.72,110.44,0.0,
972,ORD00392,PRD0298,1,210.89,161.43,0.0,
973,ORD00392,PRD0237,3,455.17,332.15,0.0,
974,ORD00393,PRD0215,3,55.6,40.15,0.0,
975,ORD00393,PRD0183,1,133.61,94.62,0.0,
976,ORD00393,PRD0272,3,109.74,82.85,0.0,
977,ORD00394,PRD0392,1,211.3,166.37,0.0,
978,ORD00394,PRD0086,3,50.17,38.42,30.0,P3
979,ORD00395,PRD0050,3,473.96,339.6,0.0,
980,ORD00395,PRD0422,1,45.32,35.63,27.19,P1
981,ORD00395,PRD0191,2,482.23,372.2,0.0,
982,ORD00396,PRD0080,3,38.01,28.83,68.42,P1
983,ORD00396,PRD0460,3,437.91,321.14,0.0,
984,ORD00397,PRD0470,1,47.81,37.5,0.0,
985,ORD00397,PRD0068,1,132.41,104.91,0.0,
986,ORD00397,PRD0160,3,230.53,178.7,0.0,
987,ORD00397,PRD0419,2,170.78,119.68,0.0,
988,ORD00398,PRD0015,3,355.24,250.3,0.0,
989,ORD00398,PRD0114,1,377.24,298.99,0.0,
990,ORD00398,PRD0073,3,433.68,342.71,0.0,
991,ORD00399,PRD0218,3,172.09,132.56,0.0,
992,ORD00400,PRD0388,2,42.9,33.6,0.0,
993,ORD00400,PRD0056,1,298.27,215.65,0.0,
994,ORD00400,PRD0263,3,173.32,132.94,0.0,
995,ORD00400,PRD0061,2,292.34,211.74,20.0,P3
996,ORD00401,PRD0472,3,28.5,20.91,0.0,
997,ORD00402,PRD0015,1,355.24,250.3,0.0,
998,ORD00402,PRD0383,2,363.21,262.06,0.0,
999,ORD00402,PRD0179,2,76.49,57.07,0.0,
1000,ORD00403,PRD0051,3,437.49,324.75,0.0,
1001,ORD00404,PRD0494,2,459.52,343.37,551.42,P1
1002,ORD00404,PRD0003,3,52.6,39.04,0.0,
1003,ORD00405,PRD0226,3,32.3,22.79,0.0,
1004,ORD00405,PRD0093,2,257.88,183.93,0.0,
1005,ORD00406,PRD0209,1,248.9,183.06,49.78,P2
1006,ORD00406,PRD0064,2,238.84,184.6,95.54,P2
1007,ORD00407,PRD0286,3,420.36,318.63,756.65,P1
1008,ORD00407,PRD0060,2,114.98,82.01,0.0,
1009,ORD00407,PRD0308,3,32.54,25.37,0.0,
1010,ORD00408,PRD0149,2,213.08,162.58,0.0,
1011,ORD00408,PRD0036,2,344.04,259.3,0.0,
1012,ORD00408,PRD0189,1,474.4,354.14,0.0,
1013,ORD00408,PRD0346,2,473.67,345.99,0.0,
1014,ORD00409,PRD0062,1,405.67,291.69,0.0,
1015,ORD00410,PRD0034,2,498.1,375.03,0.0,
1016,ORD00410,PRD0174,1,223.56,157.14,0.0,
1017,ORD00411,PRD0372,2,231.48,167.16,0.0,
1018,ORD00411,PRD0366,3,63.86,50.24,0.0,
1019,ORD00411,PRD0388,3,42.9,33.6,0.0,
1020,ORD00411,PRD0183,2,133.61,94.62,0.0,
1021,ORD00412,PRD0076,2,217.27,172.89,260.72,P1
1022,ORD00412,PRD0255,1,29.53,21.95,0.0,
1023,ORD00412,PRD0069,1,405.93,318.9,0.0,
1024,ORD00413,PRD0498,1,268.61,191.01,53.72,P2
1025,ORD00414,PRD0390,1,407.77,308.13,0.0,
1026,ORD00415,PRD0151,3,129.55,99.18,0.0,
1027,ORD00415,PRD0259,2,292.36,226.96,0.0,
1028,ORD00416,PRD0451,1,479.28,357.09,0.0,
1029,ORD00416,PRD0162,2,144.55,102.31,0.0,
1030,ORD00416,PRD0019,1,184.08,141.19,110.45,P1
1031,ORD00416,PRD0400,2,340.74,257.49,0.0,
1032,ORD00417,PRD0160,3,230.53,178.7,138.32,P2
1033,ORD00417,PRD0292,3,165.91,123.98,99.55,P2
1034,ORD00418,PRD0201,2,61.71,49.13,0.0,
1035,ORD00419,PRD0393,2,435.37,336.15,0.0,
1036,ORD00419,PRD0015,3,355.24,250.3,0.0,
1037,ORD00419,PRD0429,2,223.99,159.16,0.0,
1038,ORD00420,PRD0195,1,300.13,235.02,0.0,
1039,ORD00420,PRD0183,2,133.61,94.62,0.0,
1040,ORD00420,PRD0339,1,272.92,203.46,163.75,P1
1041,ORD00421,PRD0445,2,28.43,20.95,11.37,P2
1042,ORD00422,PRD0337,2,483.96,377.71,0.0,
1043,ORD00422,PRD0462,2,484.17,372.74,0.0,
1044,ORD00422,PRD0357,2,475.02,371.66,0.0,
1045,ORD00422,PRD0163,2,124.9,91.62,0.0,
1046,ORD00423,PRD0354,3,58.68,45.1,105.62,P1
1047,ORD00424,PRD0187,2,421.22,321.03,0.0,
1048,ORD00424,PRD0326,1,342.1,264.13,0.0,
1049,ORD00424,PRD0275,1,357.79,261.57,0.0,
1050,ORD00425,PRD0412,1,307.47,227.96,0.0,
1051,ORD00425,PRD0491,1,199.22,141.08,0.0,
1052,ORD00425,PRD0297,1,456.12,319.98,0.0,
1053,ORD00425,PRD0140,1,158.9,114.57,0.0,
1054,ORD00426,PRD0178,1,286.55,201.36,0.0,
1055,ORD00426,PRD0155,3,233.67,182.3,0.0,
1056,ORD00427,PRD0206,2,146.67,109.28,0.0,
1057,ORD00427,PRD0233,3,84.35,65.89,0.0,
1058,ORD00427,PRD0093,1,257.88,183.93,0.0,
1059,ORD00427,PRD0265,1,334.67,247.67,0.0,
1060,ORD00428,PRD0479,3,452.95,325.85,0.0,
1061,ORD00428,PRD0031,3,54.55,38.44,0.0,
1062,ORD00428,PRD0237,1,455.17,332.15,0.0,
1063,ORD00428,PRD0383,3,363.21,262.06,0.0,
1064,ORD00429,PRD0441,1,433.48,330.62,0.0,
1065,ORD00429,PRD0434,2,453.9,333.59,0.0,
1066,ORD00429,PRD0147,3,82.2,57.92,0.0,
1067,ORD00430,PRD0059,1,44.72,32.37,26.83,P1
1068,ORD00430,PRD0424,2,432.43,327.6,0.0,
1069,ORD00431,PRD0104,1,31.6,23.17,0.0,
1070,ORD00432,PRD0330,1,170.09,126.13,0.0,
1071,ORD00432,PRD0249,1,455.12,356.21,0.0,
1072,ORD00433,PRD0444,1,258.6,189.05,0.0,
1073,ORD00433,PRD0209,2,248.9,183.06,0.0,
1074,ORD00433,PRD0454,1,266.79,203.02,0.0,
1075,ORD00434,PRD0293,3,199.18,152.65,0.0,
1076,ORD00435,PRD0122,3,119.23,91.33,0.0,
1077,ORD00436,PRD0413,3,379.92,270.27,0.0,
1078,ORD00436,PRD0479,2,452.95,325.85,0.0,
1079,ORD00436,PRD0055,1,131.47,92.87,0.0,
1080,ORD00436,PRD0141,2,307.26,224.98,0.0,
1081,ORD00437,PRD0359,1,485.84,342.55,0.0,
1082,ORD00437,PRD0217,2,281.2,206.51,0.0,
1083,ORD00437,PRD0494,2,459.52,343.37,0.0,
1084,ORD00438,PRD0367,2,17.28,13.46,0.0,
1085,ORD00438,PRD0011,3,305.83,238.77,0.0,
1086,ORD00438,PRD0311,1,93.29,66.04,0.0,
1087,ORD00438,PRD0340,1,296.43,231.88,0.0,
1088,ORD00439,PRD0159,3,449.63,348.18,0.0,
1089,ORD00439,PRD0186,3,379.57,301.74,0.0,
1090,ORD00439,PRD0444,1,258.6,189.05,0.0,
1091,ORD00439,PRD0199,1,334.15,236.21,0.0,
1092,ORD00440,PRD0480,1,492.38,367.4,0.0,
1093,ORD00441,PRD0451,3,479.28,357.09,0.0,
1094,ORD00441,PRD0018,2,321.49,236.77,0.0,
1095,ORD00441,PRD0422,2,45.32,35.63,0.0,
1096,ORD00442,PRD0449,1,230.37,179.91,0.0,
1097,ORD00442,PRD0358,2,334.76,255.81,0.0,
1098,ORD00442,PRD0181,2,170.15,132.06,0.0,
1099,ORD00442,PRD0417,3,13.77,10.05,0.0,
1100,ORD00443,PRD0323,2,456.2,353.33,0.0,
1101,ORD00443,PRD0070,1,34.79,27.83,0.0,
1102,ORD00444,PRD0057,1,13.52,10.42,0.0,
1103,ORD00445,PRD0406,2,54.96,41.39,0.0,
1104,ORD00445,PRD0448,3,294.36,234.14,0.0,
1105,ORD00445,PRD0089,3,203.94,156.46,0.0,
1106,ORD00445,PRD0168,2,200.84,156.05,0.0,
1107,ORD00446,PRD0449,2,230.37,179.91,0.0,
1108,ORD00446,PRD0453,3,29.18,22.49,17.51,P2
1109,ORD00446,PRD0473,3,74.21,54.74,44.53,P2
1110,ORD00446,PRD0465,1,408.46,313.29,0.0,
1111,ORD00447,PRD0026,2,203.86,161.35,0.0,
1112,ORD00447,PRD0308,2,32.54,25.37,0.0,
1113,ORD00448,PRD0008,3,352.09,258.44,0.0,
1114,ORD00449,PRD0061,1,292.34,211.74,0.0,
1115,ORD00449,PRD0098,2,466.56,331.42,0.0,
1116,ORD00449,PRD0254,2,274.59,204.23,0.0,
1117,ORD00449,PRD0439,1,229.96,182.22,0.0,
1118,ORD00450,PRD0215,1,55.6,40.15,0.0,
1119,ORD00450,PRD0075,1,463.99,361.22,0.0,
1120,ORD00451,PRD0465,1,408.46,313.29,0.0,
1121,ORD00451,PRD0351,3,311.67,247.44,0.0,
1122,ORD00451,PRD0006,2,215.56,160.58,0.0,
1123,ORD00451,PRD0166,3,213.29,156.36,0.0,
1124,ORD00452,PRD0377,3,46.01,32.58,0.0,
1125,ORD00452,PRD0049,3,385.26,274.63,0.0,
1126,ORD00452,PRD0171,1,379.2,297.8,0.0,
1127,ORD00452,PRD0182,3,146.35,116.37,0.0,
1128,ORD00453,PRD0259,3,292.36,226.96,0.0,
1129,ORD00453,PRD0203,3,483.08,351.2,0.0,
1130,ORD00453,PRD0496,3,12.57,8.9,0.0,
1131,ORD00454,PRD0477,2,485.1,369.19,0.0,
1132,ORD00454,PRD0068,1,132.41,104.91,0.0,
1133,ORD00454,PRD0272,2,109.74,82.85,0.0,
1134,ORD00454,PRD0060,2,114.98,82.01,0.0,
1135,ORD00455,PRD0475,2,406.43,291.23,0.0,
1136,ORD00455,PRD0449,2,230.37,179.91,0.0,
1137,ORD00455,PRD0390,2,407.77,308.13,0.0,
1138,ORD00456,PRD0392,1,211.3,166.37,0.0,
1139,ORD00456,PRD0473,3,74.21,54.74,0.0,
1140,ORD00456,PRD0226,1,32.3,22.79,19.38,P1
1141,ORD00456,PRD0094,1,441.62,347.96,0.0,
1142,ORD00457,PRD0459,2,149.23,115.26,0.0,
1143,ORD00458,PRD0058,3,122.18,96.59,0.0,
1144,ORD00458,PRD0064,2,238.84,184.6,95.54,P2
1145,ORD00458,PRD0093,1,257.88,183.93,51.58,P2
1146,ORD00458,PRD0289,3,194.83,154.56,116.9,P2
1147,ORD00459,PRD0127,2,28.75,21.84,34.5,P1
1148,ORD00460,PRD0202,2,356.58,265.13,0.0,
1149,ORD00461,PRD0015,1,355.24,250.3,0.0,
1150,ORD00461,PRD0363,3,170.99,122.22,0.0,
1151,ORD00462,PRD0169,1,429.8,333.77,0.0,
1152,ORD00463,PRD0109,1,280.74,208.58,0.0,
1153,ORD00463,PRD0145,2,174.24,136.23,0.0,
1154,ORD00464,PRD0048,2,409.85,326.98,0.0,
1155,ORD00464,PRD0123,2,170.85,134.36,20.0,P3
1156,ORD00464,PRD0084,2,207.85,165.07,0.0,
1157,ORD00464,PRD0146,3,339.67,245.4,0.0,
1158,ORD00465,PRD0252,2,225.19,168.19,270.23,P1
1159,ORD00465,PRD0184,3,377.02,265.88,30.0,P3
1160,ORD00465,PRD0263,1,173.32,132.94,34.66,P2
1161,ORD00466,PRD0047,2,474.01,335.87,0.0,
1162,ORD00466,PRD0315,1,451.59,346.71,0.0,
1163,ORD00466,PRD0219,1,160.25,115.87,96.15,P1
1164,ORD00466,PRD0238,3,495.12,361.7,0.0,
1165,ORD00467,PRD0149,2,213.08,162.58,0.0,
1166,ORD00468,PRD0066,3,131.84,94.8,0.0,
1167,ORD00468,PRD0431,1,436.56,338.15,0.0,
1168,ORD00469,PRD0470,1,47.81,37.5,0.0,
1169,ORD00470,PRD0238,3,495.12,361.7,0.0,
1170,ORD00471,PRD0300,1,175.9,135.31,0.0,
1171,ORD00471,PRD0009,1,115.5,89.67,0.0,
1172,ORD00471,PRD0237,1,455.17,332.15,0.0,
1173,ORD00472,PRD0214,3,326.49,244.57,0.0,
1174,ORD00473,PRD0320,2,290.24,219.85,0.0,
1175,ORD00473,PRD0471,1,258.77,195.11,0.0,
1176,ORD00473,PRD0041,3,422.42,317.14,0.0,
1177,ORD00473,PRD0133,3,188.47,133.25,0.0,
1178,ORD00474,PRD0060,1,114.98,82.01,10.0,P3
1179,ORD00474,PRD0236,3,120.59,90.71,0.0,
1180,ORD00474,PRD0337,3,483.96,377.71,0.0,
1181,ORD00474,PRD0250,2,39.22,30.56,0.0,
1182,ORD00475,PRD0412,2,307.47,227.96,0.0,
1183,ORD00475,PRD0070,1,34.79,27.83,0.0,
1184,ORD00475,PRD0418,1,386.0,299.7,0.0,
1185,ORD00475,PRD0097,1,13.83,10.81,0.0,
1186,ORD00476,PRD0224,3,155.16,114.21,0.0,
1187,ORD00476,PRD0276,1,280.6,199.04,10.0,P3
1188,ORD00477,PRD0060,1,114.98,82.01,0.0,
1189,ORD00478,PRD0011,2,305.83,238.77,0.0,
1190,ORD00478,PRD0104,2,31.6,23.17,0.0,
1191,ORD00478,PRD0427,2,94.22,74.88,113.06,P1
1192,ORD00478,PRD0323,3,456.2,353.33,0.0,
1193,ORD00479,PRD0019,2,184.08,141.19,220.9,P1
1194,ORD00479,PRD0372,3,231.48,167.16,0.0,
1195,ORD00479,PRD0464,2,161.7,119.28,64.68,P2
1196,ORD00480,PRD0284,1,176.54,137.48,0.0,
1197,ORD00480,PRD0332,2,270.12,213.76,0.0,
1198,ORD00480,PRD0060,2,114.98,82.01,0.0,
1199,ORD00481,PRD0011,1,305.83,238.77,0.0,
1200,ORD00481,PRD0099,2,139.59,110.13,0.0,
1201,ORD00481,PRD0119,3,197.45,138.98,0.0,
1202,ORD00481,PRD0466,3,55.79,42.79,0.0,
1203,ORD00482,PRD0371,3,391.23,293.94,0.0,
1204,ORD00482,PRD0214,3,326.49,244.57,0.0,
1205,ORD00482,PRD0185,2,119.87,84.73,0.0,
1206,ORD00483,PRD0145,3,174.24,136.23,0.0,
1207,ORD00483,PRD0342,2,313.58,249.08,0.0,
1208,ORD00484,PRD0052,2,465.17,360.75,0.0,
1209,ORD00484,PRD0253,2,352.87,280.27,423.44,P1
1210,ORD00484,PRD0010,2,55.45,39.35,0.0,
1211,ORD00484,PRD0183,3,133.61,94.62,0.0,
1212,ORD00485,PRD0221,1,103.86,80.37,0.0,
1213,ORD00485,PRD0062,3,405.67,291.69,0.0,
1214,ORD00485,PRD0133,2,188.47,133.25,0.0,
1215,ORD00486,PRD0459,1,149.23,115.26,0.0,
1216,ORD00486,PRD0448,3,294.36,234.14,0.0,
1217,ORD00486,PRD0054,3,224.67,168.9,404.41,P1
1218,ORD00487,PRD0422,3,45.32,35.63,81.58,P1
1219,ORD00488,PRD0081,3,460.5,346.81,0.0,
1220,ORD00488,PRD0227,3,351.73,250.65,0.0,
1221,ORD00488,PRD0446,1,47.6,37.43,28.56,P1
1222,ORD00489,PRD0225,2,16.93,12.76,0.0,
1223,ORD00489,PRD0004,1,55.91,40.44,0.0,
1224,ORD00490,PRD0044,2,303.48,227.26,0.0,
1225,ORD00490,PRD0387,2,477.26,366.86,0.0,
1226,ORD00491,PRD0404,1,436.23,330.07,0.0,
1227,ORD00491,PRD0220,2,164.62,127.46,0.0,
1228,ORD00491,PRD0460,2,437.91,321.14,0.0,
1229,ORD00491,PRD0265,3,334.67,247.67,0.0,
1230,ORD00492,PRD0368,3,298.54,209.45,0.0,
1231,ORD00493,PRD0396,1,119.88,85.21,0.0,
1232,ORD00493,PRD0202,1,356.58,265.13,0.0,
1233,ORD00493,PRD0329,1,188.78,134.63,0.0,
1234,ORD00493,PRD0030,3,498.69,355.98,0.0,
1235,ORD00494,PRD0454,3,266.79,203.02,0.0,
1236,ORD00494,PRD0448,2,294.36,234.14,0.0,
1237,ORD00494,PRD0161,2,385.25,289.76,462.3,P1
1238,ORD00494,PRD0271,3,380.66,290.27,0.0,
1239,ORD00495,PRD0455,3,192.7,140.34,0.0,
1240,ORD00495,PRD0317,3,156.59,124.68,0.0,
1241,ORD00496,PRD0044,1,303.48,227.26,0.0,
1242,ORD00496,PRD0200,3,16.2,12.02,0.0,
1243,ORD00496,PRD0451,1,479.28,357.09,0.0,
1244,ORD00497,PRD0262,3,484.84,362.18,0.0,
1245,ORD00498,PRD0456,3,389.49,299.09,0.0,
1246,ORD00499,PRD0259,1,292.36,226.96,0.0,
1247,ORD00499,PRD0431,2,436.56,338.15,0.0,
1248,ORD00499,PRD0260,2,240.55,184.06,0.0,
1249,ORD00499,PRD0388,3,42.9,33.6,0.0,
1250,ORD00500,PRD0233,2,84.35,65.89,0.0,
1251,ORD00501,PRD0146,3,339.67,245.4,0.0,
1252,ORD00501,PRD0367,3,17.28,13.46,0.0,
1253,ORD00501,PRD0366,2,63.86,50.24,0.0,
1254,ORD00502,PRD0422,2,45.32,35.63,0.0,
1255,ORD00502,PRD0076,3,217.27,172.89,0.0,
1256,ORD00503,PRD0218,1,172.09,132.56,0.0,
1257,ORD00504,PRD0302,3,196.2,143.55,0.0,
1258,ORD00504,PRD0203,2,483.08,351.2,0.0,
1259,ORD00504,PRD0326,2,342.1,264.13,0.0,
1260,ORD00504,PRD0353,2,227.9,164.91,0.0,
1261,ORD00505,PRD0249,3,455.12,356.21,0.0,
1262,ORD00505,PRD0496,3,12.57,8.9,0.0,
1263,ORD00506,PRD0234,2,51.74,37.5,62.09,P1
1264,ORD00506,PRD0287,2,433.98,323.17,0.0,
1265,ORD00507,PRD0190,3,385.78,276.52,0.0,
1266,ORD00508,PRD0157,2,310.2,239.45,20.0,P3
1267,ORD00508,PRD0015,1,355.24,250.3,0.0,
1268,ORD00508,PRD0302,2,196.2,143.55,0.0,
1269,ORD00509,PRD0094,3,441.62,347.96,0.0,
1270,ORD00509,PRD0063,3,332.9,244.82,0.0,
1271,ORD00510,PRD0294,2,252.71,177.83,101.08,P2
1272,ORD00510,PRD0401,2,465.25,364.27,186.1,P2
1273,ORD00510,PRD0391,1,478.75,362.02,95.75,P2
1274,ORD00510,PRD0390,2,407.77,308.13,489.32,P1
1275,ORD00511,PRD0199,1,334.15,236.21,0.0,
1276,ORD00511,PRD0174,3,223.56,157.14,402.41,P1
1277,ORD00511,PRD0227,3,351.73,250.65,0.0,
1278,ORD00511,PRD0046,1,127.33,92.2,0.0,
1279,ORD00512,PRD0330,3,170.09,126.13,306.16,P1
1280,ORD00513,PRD0062,3,405.67,291.69,0.0,
1281,ORD00514,PRD0126,3,97.5,77.63,0.0,
1282,ORD00514,PRD0297,2,456.12,319.98,0.0,
1283,ORD00515,PRD0252,1,225.19,168.19,0.0,
1284,ORD00516,PRD0196,2,59.93,46.58,0.0,
1285,ORD00516,PRD0051,3,437.49,324.75,0.0,
1286,ORD00516,PRD0074,1,195.7,156.27,0.0,
1287,ORD00517,PRD0348,1,76.48,57.01,0.0,
1288,ORD00517,PRD0493,2,397.78,283.92,477.34,P1
1289,ORD00517,PRD0153,2,391.43,282.57,0.0,
1290,ORD00517,PRD0073,2,433.68,342.71,0.0,
1291,ORD00518,PRD0104,1,31.6,23.17,18.96,P1
1292,ORD00519,PRD0032,2,84.89,60.78,0.0,
1293,ORD00519,PRD0209,4,248.9,183.06,0.0,
1294,ORD00520,PRD0127,3,28.75,21.84,0.0,
1295,ORD00521,PRD0229,1,240.0,178.57,0.0,
1296,ORD00521,PRD0257,1,481.34,377.18,0.0,
1297,ORD00521,PRD0073,2,433.68,342.71,0.0,
1298,ORD00521,PRD0087,1,266.16,211.19,0.0,
1299,ORD00522,PRD0417,2,13.77,10.05,0.0,
1300,ORD00523,PRD0001,1,22.26,16.19,0.0,
1301,ORD00523,PRD0247,2,333.98,264.97,0.0,
1302,ORD00524,PRD0300,3,175.9,135.31,0.0,
1303,ORD00524,PRD0083,3,43.58,30.8,0.0,
1304,ORD00525,PRD0358,1,334.76,255.81,0.0,
1305,ORD00525,PRD0372,3,231.48,167.16,0.0,
1306,ORD00525,PRD0450,2,167.55,125.25,0.0,
1307,ORD00525,PRD0259,2,292.36,226.96,0.0,
1308,ORD00526,PRD0386,3,219.11,167.95,394.4,P1
1309,ORD00526,PRD0165,2,350.04,269.76,140.02,P2
1310,ORD00526,PRD0009,3,115.5,89.67,69.3,P2
1311,ORD00527,PRD0345,1,328.13,233.52,0.0,
1312,ORD00528,PRD0404,3,436.23,330.07,0.0,
1313,ORD00529,PRD0345,1,328.13,233.52,0.0,
1314,ORD00529,PRD0417,2,13.77,10.05,0.0,
1315,ORD00529,PRD0184,2,377.02,265.88,20.0,P3
1316,ORD00529,PRD0064,2,238.84,184.6,0.0,
1317,ORD00530,PRD0381,1,232.32,176.69,0.0,
1318,ORD00530,PRD0349,3,215.37,166.75,0.0,
1319,ORD00531,PRD0120,2,118.99,93.01,0.0,
1320,ORD00531,PRD0019,2,184.08,141.19,0.0,
1321,ORD00532,PRD0421,3,255.13,199.85,0.0,
1322,ORD00532,PRD0446,2,47.6,37.43,0.0,
1323,ORD00533,PRD0338,3,54.25,40.12,0.0,
1324,ORD00533,PRD0350,3,443.85,339.76,0.0,
1325,ORD00534,PRD0066,2,131.84,94.8,0.0,
1326,ORD00535,PRD0099,3,139.59,110.13,0.0,
1327,ORD00535,PRD0497,3,115.67,82.7,0.0,
1328,ORD00535,PRD0315,2,451.59,346.71,0.0,
1329,ORD00536,PRD0329,3,188.78,134.63,0.0,
1330,ORD00536,PRD0027,2,80.01,57.12,0.0,
1331,ORD00536,PRD0209,2,248.9,183.06,0.0,
1332,ORD00536,PRD0266,2,27.98,19.83,0.0,
1333,ORD00537,PRD0025,2,439.42,321.42,0.0,
1334,ORD00537,PRD0273,2,224.68,172.96,269.62,P1
1335,ORD00538,PRD0378,1,82.68,58.92,0.0,
1336,ORD00539,PRD0085,2,130.65,99.22,0.0,
1337,ORD00539,PRD0321,3,20.75,16.25,37.35,P1
1338,ORD00540,PRD0431,2,436.56,338.15,0.0,
1339,ORD00540,PRD0243,1,210.17,161.61,0.0,
1340,ORD00540,PRD0427,1,94.22,74.88,0.0,
1341,ORD00541,PRD0392,1,211.3,166.37,0.0,
1342,ORD00541,PRD0297,1,456.12,319.98,0.0,
1343,ORD00541,PRD0032,1,84.89,60.78,0.0,
1344,ORD00541,PRD0456,3,389.49,299.09,0.0,
1345,ORD00542,PRD0155,3,233.67,182.3,0.0,
1346,ORD00543,PRD0287,1,433.98,323.17,0.0,
1347,ORD00544,PRD0120,3,118.99,93.01,0.0,
1348,ORD00544,PRD0320,1,290.24,219.85,0.0,
1349,ORD00544,PRD0238,2,495.12,361.7,0.0,
1350,ORD00544,PRD0318,1,233.85,170.76,0.0,
1351,ORD00545,PRD0301,1,427.36,335.58,0.0,
1352,ORD00545,PRD0007,3,406.62,284.9,0.0,
1353,ORD00545,PRD0304,1,125.04,96.09,0.0,
1354,ORD00546,PRD0247,3,333.98,264.97,0.0,
1355,ORD00546,PRD0096,1,354.73,270.01,0.0,
1356,ORD00546,PRD0023,1,122.23,85.95,0.0,
1357,ORD00546,PRD0300,2,175.9,135.31,0.0,
1358,ORD00547,PRD0076,2,217.27,172.89,0.0,
1359,ORD00547,PRD0176,2,421.85,334.09,0.0,
1360,ORD00548,PRD0260,3,240.55,184.06,0.0,
1361,ORD00548,PRD0217,2,281.2,206.51,20.0,P3
1362,ORD00549,PRD0097,3,13.83,10.81,0.0,
1363,ORD00549,PRD0355,2,451.83,345.42,0.0,
1364,ORD00549,PRD0170,3,243.72,193.58,0.0,
1365,ORD00550,PRD0084,1,207.85,165.07,0.0,
1366,ORD00550,PRD0405,1,44.1,34.14,0.0,
1367,ORD00550,PRD0472,1,28.5,20.91,0.0,
1368,ORD00551,PRD0123,2,170.85,134.36,0.0,
1369,ORD00551,PRD0488,2,54.94,43.46,0.0,
1370,ORD00552,PRD0423,1,223.75,166.91,0.0,
1371,ORD00552,PRD0038,2,223.03,166.24,267.64,P1
1372,ORD00553,PRD0023,1,122.23,85.95,0.0,
1373,ORD00553,PRD0146,1,339.67,245.4,0.0,
1374,ORD00553,PRD0135,3,362.68,264.77,0.0,
1375,ORD00554,PRD0012,1,272.75,217.47,0.0,
1376,ORD00554,PRD0467,1,187.3,137.9,0.0,
1377,ORD00555,PRD0174,1,223.56,157.14,134.14,P1
1378,ORD00556,PRD0482,3,483.47,377.92,0.0,
1379,ORD00556,PRD0320,2,290.24,219.85,0.0,
1380,ORD00557,PRD0407,1,215.72,158.36,0.0,
1381,ORD00557,PRD0194,3,204.36,157.66,0.0,
1382,ORD00558,PRD0472,1,28.5,20.91,0.0,
1383,ORD00558,PRD0301,1,427.36,335.58,0.0,
1384,ORD00559,PRD0028,3,274.1,212.35,0.0,
1385,ORD00559,PRD0447,1,311.35,233.73,0.0,
1386,ORD00560,PRD0402,2,24.19,17.59,0.0,
1387,ORD00561,PRD0385,3,205.38,158.75,0.0,
1388,ORD00561,PRD0192,2,482.71,343.12,0.0,
1389,ORD00561,PRD0092,2,498.09,352.31,0.0,
1390,ORD00561,PRD0270,3,36.56,27.49,0.0,
1391,ORD00562,PRD0298,2,210.89,161.43,0.0,
1392,ORD00562,PRD0405,3,44.1,34.14,0.0,
1393,ORD00562,PRD0107,1,64.82,51.5,0.0,
1394,ORD00563,PRD0157,2,310.2,239.45,0.0,
1395,ORD00563,PRD0293,1,199.18,152.65,0.0,
1396,ORD00564,PRD0069,1,405.93,318.9,0.0,
1397,ORD00565,PRD0239,3,39.51,31.45,0.0,
1398,ORD00566,PRD0210,2,176.77,139.3,0.0,
1399,ORD00566,PRD0163,2,124.9,91.62,0.0,
1400,ORD00566,PRD0092,2,498.09,352.31,0.0,
1401,ORD00566,PRD0331,1,74.76,56.36,0.0,
1402,ORD00567,PRD0403,2,461.55,339.29,0.0,
1403,ORD00568,PRD0020,3,308.47,221.21,185.08,P2
1404,ORD00568,PRD0346,2,473.67,345.99,189.47,P2
1405,ORD00568,PRD0098,3,466.56,331.42,839.81,P1
1406,ORD00569,PRD0145,2,174.24,136.23,69.7,P2
1407,ORD00569,PRD0485,2,358.59,269.51,143.44,P2
1408,ORD00569,PRD0242,3,95.17,67.33,57.1,P2
1409,ORD00570,PRD0371,3,391.23,293.94,0.0,
1410,ORD00570,PRD0120,3,118.99,93.01,0.0,
1411,ORD00571,PRD0175,1,337.75,263.38,0.0,
1412,ORD00571,PRD0097,2,13.83,10.81,0.0,
1413,ORD00571,PRD0358,2,334.76,255.81,0.0,
1414,ORD00571,PRD0231,3,65.9,46.56,0.0,
1415,ORD00572,PRD0256,3,305.82,214.87,550.48,P1
1416,ORD00573,PRD0391,3,478.75,362.02,287.25,P2
1417,ORD00573,PRD0301,1,427.36,335.58,85.47,P2
1418,ORD00573,PRD0473,1,74.21,54.74,14.84,P2
1419,ORD00573,PRD0291,3,124.45,96.77,74.67,P2
1420,ORD00574,PRD0274,2,24.15,18.43,0.0,
1421,ORD00575,PRD0328,2,161.38,120.08,0.0,
1422,ORD00575,PRD0054,3,224.67,168.9,0.0,
1423,ORD00575,PRD0017,3,434.58,320.73,0.0,
1424,ORD00575,PRD0014,1,443.87,326.76,0.0,
1425,ORD00576,PRD0120,2,118.99,93.01,0.0,
1426,ORD00576,PRD0036,2,344.04,259.3,0.0,
1427,ORD00577,PRD0441,2,433.48,330.62,0.0,
1428,ORD00577,PRD0057,1,13.52,10.42,0.0,
1429,ORD00577,PRD0245,3,354.46,264.22,638.03,P1
1430,ORD00578,PRD0419,3,170.78,119.68,307.4,P1
1431,ORD00578,PRD0295,2,483.02,354.15,20.0,P3
1432,ORD00578,PRD0142,1,226.66,163.51,45.33,P2
1433,ORD00578,PRD0229,1,240.0,178.57,144.0,P1
1434,ORD00579,PRD0236,2,120.59,90.71,0.0,
1435,ORD00579,PRD0378,1,82.68,58.92,0.0,
1436,ORD00579,PRD0452,2,491.37,348.1,0.0,
1437,ORD00579,PRD0432,3,173.2,124.15,0.0,
1438,ORD00580,PRD0092,3,498.09,352.31,0.0,
1439,ORD00580,PRD0235,2,384.58,292.52,0.0,
1440,ORD00581,PRD0123,1,170.85,134.36,10.0,P3
1441,ORD00582,PRD0466,2,55.79,42.79,0.0,
1442,ORD00582,PRD0391,3,478.75,362.02,0.0,
1443,ORD00583,PRD0210,2,176.77,139.3,212.12,P1
1444,ORD00583,PRD0023,2,122.23,85.95,0.0,
1445,ORD00583,PRD0328,3,161.38,120.08,0.0,
1446,ORD00584,PRD0439,1,229.96,182.22,45.99,P2
1447,ORD00584,PRD0129,1,492.28,350.29,98.46,P2
1448,ORD00584,PRD0168,3,200.84,156.05,120.5,P2
1449,ORD00584,PRD0237,1,455.17,332.15,91.03,P2
1450,ORD00585,PRD0421,2,255.13,199.85,0.0,
1451,ORD00585,PRD0088,1,338.17,247.34,0.0,
1452,ORD00585,PRD0091,2,14.56,11.1,0.0,
1453,ORD00585,PRD0380,2,196.64,149.4,235.97,P1
1454,ORD00586,PRD0184,1,377.02,265.88,0.0,
1455,ORD00586,PRD0018,3,321.49,236.77,0.0,
1456,ORD00586,PRD0227,3,351.73,250.65,633.11,P1
1457,ORD00586,PRD0268,3,433.81,339.45,0.0,
1458,ORD00587,PRD0228,1,60.27,42.26,0.0,
1459,ORD00587,PRD0025,2,439.42,321.42,0.0,
1460,ORD00587,PRD0476,1,31.41,23.13,0.0,
1461,ORD00588,PRD0216,1,160.04,121.34,0.0,
1462,ORD00589,PRD0113,1,443.23,328.27,0.0,
1463,ORD00590,PRD0023,2,122.23,85.95,0.0,
1464,ORD00590,PRD0418,2,386.0,299.7,20.0,P3
1465,ORD00591,PRD0481,2,391.28,293.57,469.54,P1
1466,ORD00591,PRD0183,2,133.61,94.62,0.0,
1467,ORD00591,PRD0206,3,146.67,109.28,0.0,
1468,ORD00591,PRD0200,1,16.2,12.02,0.0,
1469,ORD00592,PRD0023,1,122.23,85.95,0.0,
1470,ORD00592,PRD0211,2,282.34,212.22,0.0,
1471,ORD00592,PRD0256,1,305.82,214.87,0.0,
1472,ORD00593,PRD0308,2,32.54,25.37,0.0,
1473,ORD00594,PRD0171,1,379.2,297.8,0.0,
1474,ORD00594,PRD0453,3,29.18,22.49,0.0,
1475,ORD00595,PRD0010,3,55.45,39.35,0.0,
1476,ORD00595,PRD0230,2,483.09,350.36,0.0,
1477,ORD00595,PRD0380,1,196.64,149.4,0.0,
1478,ORD00596,PRD0316,1,46.19,36.7,0.0,
1479,ORD00597,PRD0031,1,54.55,38.44,0.0,
1480,ORD00598,PRD0105,3,322.19,233.97,0.0,
1481,ORD00598,PRD0473,3,74.21,54.74,0.0,
1482,ORD00598,PRD0485,2,358.59,269.51,0.0,
1483,ORD00598,PRD0169,1,429.8,333.77,0.0,
1484,ORD00599,PRD0332,2,270.12,213.76,0.0,
1485,ORD00599,PRD0118,3,140.73,109.59,0.0,
1486,ORD00599,PRD0125,1,172.26,121.06,0.0,
1487,ORD00599,PRD0465,3,408.46,313.29,0.0,
1488,ORD00600,PRD0267,2,168.4,134.22,202.08,P1
1489,ORD00600,PRD0034,2,498.1,375.03,0.0,
1490,ORD00600,PRD0099,1,139.59,110.13,0.0,
1491,ORD00600,PRD0073,1,433.68,342.71,10.0,P3
1492,ORD00601,PRD0219,3,160.25,115.87,288.45,P1
1493,ORD00602,PRD0311,1,93.29,66.04,0.0,
1494,ORD00602,PRD0296,2,438.35,326.15,0.0,
1495,ORD00603,PRD0487,2,230.17,172.93,0.0,
1496,ORD00604,PRD0259,3,292.36,226.96,0.0,
1497,ORD00604,PRD0390,1,407.77,308.13,0.0,
1498,ORD00604,PRD0407,2,215.72,158.36,0.0,
1499,ORD00604,PRD0196,2,59.93,46.58,0.0,
1500,ORD00605,PRD0284,3,176.54,137.48,0.0,
1501,ORD00605,PRD0195,2,300.13,235.02,0.0,
1502,ORD00606,PRD0037,2,386.61,283.78,463.93,P1
1503,ORD00606,PRD0080,1,38.01,28.83,22.81,P1
1504,ORD00606,PRD0374,3,157.8,120.61,0.0,
1505,ORD00606,PRD0208,2,24.06,18.89,0.0,
1506,ORD00607,PRD0158,3,219.1,173.24,0.0,
1507,ORD00607,PRD0037,2,386.61,283.78,0.0,
1508,ORD00607,PRD0472,1,28.5,20.91,0.0,
1509,ORD00607,PRD0290,1,490.58,355.12,0.0,
1510,ORD00608,PRD0261,3,98.93,75.04,0.0,
1511,ORD00608,PRD0353,2,227.9,164.91,0.0,
1512,ORD00608,PRD0334,2,484.02,353.1,0.0,
1513,ORD00609,PRD0018,2,321.49,236.77,0.0,
1514,ORD00609,PRD0347,1,66.9,48.4,0.0,
1515,ORD00609,PRD0331,1,74.76,56.36,10.0,P3
1516,ORD00609,PRD0484,3,438.32,331.13,0.0,
1517,ORD00610,PRD0395,1,258.63,185.04,0.0,
1518,ORD00611,PRD0266,1,27.98,19.83,0.0,
1519,ORD00612,PRD0257,3,481.34,377.18,288.8,P2
1520,ORD00612,PRD0301,2,427.36,335.58,170.94,P2
1521,ORD00612,PRD0056,3,298.27,215.65,178.96,P2
1522,ORD00613,PRD0477,3,485.1,369.19,0.0,
1523,ORD00613,PRD0158,1,219.1,173.24,0.0,
1524,ORD00614,PRD0036,3,344.04,259.3,0.0,
1525,ORD00615,PRD0088,1,338.17,247.34,0.0,
1526,ORD00615,PRD0361,1,110.55,86.56,0.0,
1527,ORD00615,PRD0094,3,441.62,347.96,0.0,
1528,ORD00615,PRD0231,3,65.9,46.56,0.0,
1529,ORD00616,PRD0415,1,248.45,190.49,0.0,
1530,ORD00616,PRD0462,2,484.17,372.74,0.0,
1531,ORD00617,PRD0041,2,422.42,317.14,506.9,P1
1532,ORD00617,PRD0033,2,302.24,223.2,0.0,
1533,ORD00618,PRD0005,1,23.0,16.56,0.0,
1534,ORD00619,PRD0050,1,473.96,339.6,0.0,
1535,ORD00620,PRD0478,2,124.66,90.24,0.0,
1536,ORD00620,PRD0173,3,449.93,336.92,0.0,
1537,ORD00620,PRD0190,3,385.78,276.52,0.0,
1538,ORD00621,PRD0194,3,204.36,157.66,0.0,
1539,ORD00621,PRD0183,2,133.61,94.62,0.0,
1540,ORD00621,PRD0002,2,78.37,55.66,0.0,
1541,ORD00621,PRD0206,3,146.67,109.28,0.0,
1542,ORD00622,PRD0445,3,28.43,20.95,0.0,
1543,ORD00623,PRD0317,3,156.59,124.68,0.0,
1544,ORD00623,PRD0244,3,152.72,110.44,0.0,
1545,ORD00623,PRD0097,1,13.83,10.81,0.0,
1546,ORD00623,PRD0491,2,199.22,141.08,0.0,
1547,ORD00624,PRD0348,2,76.48,57.01,30.59,P2
1548,ORD00624,PRD0205,3,141.51,111.11,84.91,P2
1549,ORD00624,PRD0179,2,76.49,57.07,30.6,P2
1550,ORD00625,PRD0151,3,129.55,99.18,0.0,
1551,ORD00625,PRD0074,3,195.7,156.27,0.0,
1552,ORD00625,PRD0402,3,24.19,17.59,0.0,
1553,ORD00625,PRD0066,2,131.84,94.8,0.0,
1554,ORD00626,PRD0489,1,443.47,351.69,0.0,
1555,ORD00626,PRD0277,1,236.11,168.05,0.0,
1556,ORD00626,PRD0088,3,338.17,247.34,0.0,
1557,ORD00626,PRD0055,2,131.47,92.87,0.0,
1558,ORD00627,PRD0393,2,435.37,336.15,0.0,
1559,ORD00627,PRD0132,3,346.56,275.18,0.0,
1560,ORD00627,PRD0460,3,437.91,321.14,0.0,
1561,ORD00627,PRD0070,3,34.79,27.83,0.0,
1562,ORD00628,PRD0447,1,311.35,233.73,0.0,
1563,ORD00628,PRD0393,3,435.37,336.15,0.0,
1564,ORD00628,PRD0176,2,421.85,334.09,0.0,
1565,ORD00629,PRD0414,1,64.34,49.4,0.0,
1566,ORD00629,PRD0060,2,114.98,82.01,0.0,
1567,ORD00629,PRD0046,2,127.33,92.2,0.0,
1568,ORD00629,PRD0480,1,492.38,367.4,0.0,
1569,ORD00630,PRD0489,2,443.47,351.69,0.0,
1570,ORD00630,PRD0001,2,22.26,16.19,0.0,
1571,ORD00630,PRD0275,1,357.79,261.57,0.0,
1572,ORD00631,PRD0267,3,168.4,134.22,0.0,
1573,ORD00631,PRD0114,1,377.24,298.99,0.0,
1574,ORD00632,PRD0418,2,386.0,299.7,0.0,
1575,ORD00632,PRD0256,3,305.82,214.87,0.0,
1576,ORD00633,PRD0307,2,227.4,174.96,0.0,
1577,ORD00634,PRD0324,1,390.11,282.05,0.0,
1578,ORD00634,PRD0361,2,110.55,86.56,0.0,
1579,ORD00634,PRD0415,2,248.45,190.49,0.0,
1580,ORD00634,PRD0367,1,17.28,13.46,0.0,
1581,ORD00635,PRD0473,1,74.21,54.74,0.0,
1582,ORD00636,PRD0012,3,272.75,217.47,0.0,
1583,ORD00636,PRD0217,3,281.2,206.51,0.0,
1584,ORD00637,PRD0271,3,380.66,290.27,228.4,P2
1585,ORD00638,PRD0166,3,213.29,156.36,0.0,
1586,ORD00638,PRD0028,3,274.1,212.35,0.0,
1587,ORD00639,PRD0227,3,351.73,250.65,0.0,
1588,ORD00639,PRD0460,1,437.91,321.14,0.0,
1589,ORD00640,PRD0186,3,379.57,301.74,0.0,
1590,ORD00641,PRD0348,1,76.48,57.01,0.0,
1591,ORD00641,PRD0050,2,473.96,339.6,0.0,
1592,ORD00641,PRD0092,1,498.09,352.31,0.0,
1593,ORD00641,PRD0264,3,171.6,132.02,0.0,
1594,ORD00642,PRD0126,1,97.5,77.63,58.5,P1
1595,ORD00642,PRD0155,3,233.67,182.3,0.0,
1596,ORD00642,PRD0089,3,203.94,156.46,0.0,
1597,ORD00642,PRD0398,3,120.82,89.76,0.0,
1598,ORD00643,PRD0141,3,307.26,224.98,0.0,
1599,ORD00643,PRD0189,1,474.4,354.14,0.0,
1600,ORD00643,PRD0043,1,477.21,378.07,0.0,
1601,ORD00643,PRD0343,3,458.48,331.09,825.26,P1
1602,ORD00644,PRD0407,3,215.72,158.36,0.0,
1603,ORD00645,PRD0051,2,437.49,324.75,0.0,
1604,ORD00645,PRD0466,3,55.79,42.79,0.0,
1605,ORD00646,PRD0033,3,302.24,223.2,0.0,
1606,ORD00646,PRD0276,3,280.6,199.04,0.0,
1607,ORD00646,PRD0334,1,484.02,353.1,0.0,
1608,ORD00646,PRD0107,3,64.82,51.5,0.0,
1609,ORD00647,PRD0410,2,87.13,66.37,0.0,
1610,ORD00647,PRD0066,3,131.84,94.8,0.0,
1611,ORD00647,PRD0083,1,43.58,30.8,0.0,
1612,ORD00647,PRD0436,1,95.01,67.96,0.0,
1613,ORD00648,PRD0217,3,281.2,206.51,168.72,P2
1614,ORD00648,PRD0024,3,206.57,145.97,0.0,
1615,ORD00649,PRD0356,2,205.09,147.46,0.0,
1616,ORD00649,PRD0181,3,170.15,132.06,0.0,
1617,ORD00649,PRD0108,3,277.34,217.28,0.0,
1618,ORD00649,PRD0420,1,96.09,70.92,0.0,
1619,ORD00650,PRD0491,1,199.22,141.08,0.0,
1620,ORD00650,PRD0111,3,450.47,324.79,0.0,
1621,ORD00651,PRD0134,2,315.35,241.66,0.0,
1622,ORD00651,PRD0084,2,207.85,165.07,0.0,
1623,ORD00651,PRD0484,2,438.32,331.13,0.0,
1624,ORD00652,PRD0037,3,386.61,283.78,695.9,P1
1625,ORD00652,PRD0366,2,63.86,50.24,25.54,P2
1626,ORD00653,PRD0195,1,300.13,235.02,60.03,P2
1627,ORD00653,PRD0040,2,457.19,359.83,182.88,P2
1628,ORD00653,PRD0351,3,311.67,247.44,187.0,P2
1629,ORD00653,PRD0328,1,161.38,120.08,32.28,P2
1630,ORD00654,PRD0141,1,307.26,224.98,0.0,
1631,ORD00654,PRD0497,1,115.67,82.7,0.0,
1632,ORD00655,PRD0302,2,196.2,143.55,0.0,
1633,ORD00655,PRD0179,3,76.49,57.07,0.0,
1634,ORD00655,PRD0145,3,174.24,136.23,0.0,
1635,ORD00656,PRD0485,2,358.59,269.51,143.44,P2
1636,ORD00656,PRD0245,3,354.46,264.22,638.03,P1
1637,ORD00656,PRD0263,3,173.32,132.94,103.99,P2
1638,ORD00657,PRD0028,3,274.1,212.35,0.0,
1639,ORD00657,PRD0190,3,385.78,276.52,0.0,
1640,ORD00657,PRD0348,3,76.48,57.01,0.0,
1641,ORD00658,PRD0409,2,302.15,238.2,0.0,
1642,ORD00658,PRD0142,2,226.66,163.51,0.0,
1643,ORD00658,PRD0368,1,298.54,209.45,0.0,
1644,ORD00659,PRD0395,2,258.63,185.04,103.45,P2
1645,ORD00659,PRD0040,3,457.19,359.83,274.31,P2
1646,ORD00659,PRD0085,3,130.65,99.22,78.39,P2
1647,ORD00659,PRD0284,2,176.54,137.48,70.62,P2
1648,ORD00660,PRD0246,2,462.72,360.36,0.0,
1649,ORD00660,PRD0347,3,66.9,48.4,0.0,
1650,ORD00661,PRD0467,3,187.3,137.9,0.0,
1651,ORD00661,PRD0218,3,172.09,132.56,0.0,
1652,ORD00662,PRD0311,2,93.29,66.04,0.0,
1653,ORD00663,PRD0188,1,71.85,55.11,0.0,
1654,ORD00664,PRD0195,1,300.13,235.02,0.0,
1655,ORD00664,PRD0058,2,122.18,96.59,0.0,
1656,ORD00664,PRD0128,3,366.99,268.4,0.0,
1657,ORD00664,PRD0440,1,325.07,259.62,0.0,
1658,ORD00665,PRD0002,3,78.37,55.66,0.0,
1659,ORD00665,PRD0202,1,356.58,265.13,0.0,
1660,ORD00666,PRD0030,2,498.69,355.98,0.0,
1661,ORD00666,PRD0236,2,120.59,90.71,0.0,
1662,ORD00666,PRD0055,1,131.47,92.87,0.0,
1663,ORD00666,PRD0370,1,65.69,46.4,0.0,
1664,ORD00667,PRD0102,1,257.65,186.83,0.0,
1665,ORD00667,PRD0461,1,335.17,265.35,0.0,
1666,ORD00667,PRD0468,2,476.07,349.52,0.0,
1667,ORD00667,PRD0394,3,304.2,223.64,547.56,P1
1668,ORD00668,PRD0457,1,396.72,303.38,0.0,
1669,ORD00668,PRD0138,1,341.89,270.19,0.0,
1670,ORD00668,PRD0337,2,483.96,377.71,0.0,
1671,ORD00668,PRD0182,3,146.35,116.37,0.0,
1672,ORD00669,PRD0146,1,339.67,245.4,0.0,
1673,ORD00669,PRD0216,3,160.04,121.34,0.0,
1674,ORD00670,PRD0486,2,149.68,116.2,0.0,
1675,ORD00670,PRD0137,1,281.66,202.57,0.0,
1676,ORD00671,PRD0167,2,213.73,154.03,0.0,
1677,ORD00671,PRD0473,3,74.21,54.74,0.0,
1678,ORD00672,PRD0406,1,54.96,41.39,0.0,
1679,ORD00673,PRD0027,3,80.01,57.12,0.0,
1680,ORD00673,PRD0220,3,164.62,127.46,0.0,
1681,ORD00674,PRD0249,1,455.12,356.21,0.0,
1682,ORD00674,PRD0127,3,28.75,21.84,51.75,P1
1683,ORD00674,PRD0128,2,366.99,268.4,0.0,
1684,ORD00675,PRD0342,2,313.58,249.08,0.0,
1685,ORD00675,PRD0362,1,111.51,80.47,0.0,
1686,ORD00676,PRD0118,1,140.73,109.59,0.0,
1687,ORD00676,PRD0020,2,308.47,221.21,0.0,
1688,ORD00677,PRD0316,1,46.19,36.7,0.0,
1689,ORD00678,PRD0359,3,485.84,342.55,0.0,
1690,ORD00678,PRD0114,2,377.24,298.99,150.9,P2
1691,ORD00678,PRD0262,2,484.84,362.18,193.94,P2
1692,ORD00679,PRD0483,2,77.82,56.42,31.13,P2
1693,ORD00679,PRD0164,1,49.48,35.38,9.9,P2
1694,ORD00679,PRD0027,3,80.01,57.12,48.01,P2
1695,ORD00680,PRD0221,1,103.86,80.37,0.0,
1696,ORD00681,PRD0058,1,122.18,96.59,0.0,
1697,ORD00681,PRD0350,3,443.85,339.76,0.0,
1698,ORD00681,PRD0067,2,78.69,56.53,0.0,
1699,ORD00682,PRD0122,3,119.23,91.33,0.0,
1700,ORD00682,PRD0300,2,175.9,135.31,211.08,P1
1701,ORD00682,PRD0323,3,456.2,353.33,0.0,
1702,ORD00683,PRD0474,1,98.61,75.86,0.0,
1703,ORD00683,PRD0280,3,490.32,355.17,0.0,
1704,ORD00683,PRD0372,2,231.48,167.16,0.0,
1705,ORD00683,PRD0104,3,31.6,23.17,0.0,
1706,ORD00684,PRD0282,3,259.04,204.11,0.0,
1707,ORD00684,PRD0450,3,167.55,125.25,0.0,
1708,ORD00684,PRD0459,2,149.23,115.26,0.0,
1709,ORD00684,PRD0368,1,298.54,209.45,0.0,
1710,ORD00685,PRD0086,3,50.17,38.42,0.0,
1711,ORD00686,PRD0490,3,36.1,27.08,0.0,
1712,ORD00687,PRD0254,3,274.59,204.23,0.0,
1713,ORD00687,PRD0263,1,173.32,132.94,0.0,
1714,ORD00687,PRD0385,3,205.38,158.75,0.0,
1715,ORD00687,PRD0400,2,340.74,257.49,0.0,
1716,ORD00688,PRD0082,3,480.78,340.4,0.0,
1717,ORD00689,PRD0258,3,297.69,209.0,0.0,
1718,ORD00689,PRD0133,2,188.47,133.25,0.0,
1719,ORD00689,PRD0152,3,447.4,351.68,0.0,
1720,ORD00689,PRD0061,1,292.34,211.74,10.0,P3
1721,ORD00690,PRD0483,2,77.82,56.42,0.0,
1722,ORD00690,PRD0139,1,288.86,213.93,0.0,
1723,ORD00691,PRD0001,3,22.26,16.19,0.0,
1724,ORD00692,PRD0485,3,358.59,269.51,0.0,
1725,ORD00693,PRD0167,1,213.73,154.03,0.0,
1726,ORD00693,PRD0006,2,215.56,160.58,0.0,
1727,ORD00693,PRD0495,2,381.83,285.19,0.0,
1728,ORD00694,PRD0370,3,65.69,46.4,0.0,
1729,ORD00695,PRD0419,2,170.78,119.68,204.94,P1
1730,ORD00695,PRD0298,3,210.89,161.43,126.53,P2
1731,ORD00696,PRD0189,1,474.4,354.14,0.0,
1732,ORD00696,PRD0048,2,409.85,326.98,0.0,
1733,ORD00696,PRD0095,1,149.64,111.3,89.78,P1
1734,ORD00696,PRD0374,1,157.8,120.61,0.0,
1735,ORD00697,PRD0419,2,170.78,119.68,0.0,
1736,ORD00697,PRD0097,1,13.83,10.81,0.0,
1737,ORD00698,PRD0052,3,465.17,360.75,0.0,
1738,ORD00698,PRD0373,1,31.25,24.32,0.0,
1739,ORD00698,PRD0194,2,204.36,157.66,0.0,
1740,ORD00698,PRD0424,1,432.43,327.6,0.0,
1741,ORD00699,PRD0395,1,258.63,185.04,0.0,
1742,ORD00699,PRD0481,3,391.28,293.57,0.0,
1743,ORD00700,PRD0437,3,96.8,75.24,0.0,
1744,ORD00700,PRD0072,2,91.49,68.49,0.0,
1745,ORD00700,PRD0457,2,396.72,303.38,0.0,
1746,ORD00701,PRD0125,1,172.26,121.06,0.0,
1747,ORD00701,PRD0137,3,281.66,202.57,0.0,
1748,ORD00702,PRD0053,3,359.34,265.88,0.0,
1749,ORD00702,PRD0213,1,282.04,204.21,0.0,
1750,ORD00702,PRD0115,1,433.66,345.9,0.0,
1751,ORD00703,PRD0116,3,441.89,310.42,265.13,P2
1752,ORD00703,PRD0252,1,225.19,168.19,135.11,P1
1753,ORD00703,PRD0490,2,36.1,27.08,14.44,P2
1754,ORD00704,PRD0310,1,270.27,204.48,0.0,
1755,ORD00705,PRD0348,2,76.48,57.01,0.0,
1756,ORD00705,PRD0342,3,313.58,249.08,0.0,
1757,ORD00706,PRD0139,2,288.86,213.93,0.0,
1758,ORD00707,PRD0404,1,436.23,330.07,0.0,
1759,ORD00708,PRD0200,2,16.2,12.02,0.0,
1760,ORD00708,PRD0403,2,461.55,339.29,0.0,
1761,ORD00709,PRD0075,1,463.99,361.22,0.0,
1762,ORD00709,PRD0066,1,131.84,94.8,0.0,
1763,ORD00709,PRD0181,2,170.15,132.06,0.0,
1764,ORD00710,PRD0071,3,484.81,384.28,0.0,
1765,ORD00710,PRD0197,2,404.71,315.52,0.0,
1766,ORD00710,PRD0276,3,280.6,199.04,0.0,
1767,ORD00711,PRD0298,3,210.89,161.43,0.0,
1768,ORD00712,PRD0121,2,181.33,141.81,0.0,
1769,ORD00713,PRD0491,1,199.22,141.08,0.0,
1770,ORD00713,PRD0031,2,54.55,38.44,0.0,
1771,ORD00713,PRD0435,1,125.77,89.88,0.0,
1772,ORD00713,PRD0074,3,195.7,156.27,0.0,
1773,ORD00714,PRD0424,1,432.43,327.6,0.0,
1774,ORD00714,PRD0071,1,484.81,384.28,0.0,
1775,ORD00715,PRD0357,2,475.02,371.66,0.0,
1776,ORD00716,PRD0245,3,354.46,264.22,0.0,
1777,ORD00717,PRD0041,1,422.42,317.14,253.45,P1
1778,ORD00717,PRD0417,2,13.77,10.05,0.0,
1779,ORD00718,PRD0384,3,445.16,330.03,0.0,
1780,ORD00718,PRD0154,2,237.63,179.59,0.0,
1781,ORD00719,PRD0147,1,82.2,57.92,0.0,
1782,ORD00720,PRD0258,1,297.69,209.0,0.0,
1783,ORD00720,PRD0427,2,94.22,74.88,0.0,
1784,ORD00721,PRD0471,3,258.77,195.11,0.0,
1785,ORD00721,PRD0364,1,11.39,8.95,0.0,
1786,ORD00721,PRD0081,2,460.5,346.81,0.0,
1787,ORD00722,PRD0206,3,146.67,109.28,0.0,
1788,ORD00722,PRD0201,1,61.71,49.13,0.0,
1789,ORD00723,PRD0245,2,354.46,264.22,0.0,
1790,ORD00723,PRD0208,2,24.06,18.89,28.87,P1
1791,ORD00723,PRD0332,2,270.12,213.76,324.14,P1
1792,ORD00723,PRD0040,2,457.19,359.83,0.0,
1793,ORD00724,PRD0145,1,174.24,136.23,0.0,
1794,ORD00724,PRD0034,1,498.1,375.03,0.0,
1795,ORD00725,PRD0327,1,317.84,251.2,0.0,
1796,ORD00725,PRD0044,3,303.48,227.26,0.0,
1797,ORD00726,PRD0162,1,144.55,102.31,0.0,
1798,ORD00727,PRD0257,1,481.34,377.18,0.0,
1799,ORD00727,PRD0201,3,61.71,49.13,0.0,
1800,ORD00727,PRD0067,3,78.69,56.53,0.0,
1801,ORD00727,PRD0170,2,243.72,193.58,0.0,
1802,ORD00728,PRD0013,3,48.61,35.45,0.0,
1803,ORD00728,PRD0245,3,354.46,264.22,0.0,
1804,ORD00729,PRD0350,2,443.85,339.76,0.0,
1805,ORD00729,PRD0321,1,20.75,16.25,0.0,
1806,ORD00730,PRD0394,3,304.2,223.64,547.56,P1
1807,ORD00730,PRD0230,1,483.09,350.36,0.0,
1808,ORD00731,PRD0123,1,170.85,134.36,0.0,
1809,ORD00731,PRD0311,1,93.29,66.04,0.0,
1810,ORD00731,PRD0291,3,124.45,96.77,0.0,
1811,ORD00731,PRD0050,1,473.96,339.6,94.79,P2
1812,ORD00732,PRD0233,2,84.35,65.89,33.74,P2
1813,ORD00733,PRD0181,1,170.15,132.06,0.0,
1814,ORD00733,PRD0364,2,11.39,8.95,0.0,
1815,ORD00733,PRD0243,2,210.17,161.61,0.0,
1816,ORD00734,PRD0021,2,90.07,66.47,0.0,
1817,ORD00734,PRD0206,2,146.67,109.28,0.0,
1818,ORD00734,PRD0470,3,47.81,37.5,0.0,
1819,ORD00734,PRD0188,3,71.85,55.11,0.0,
1820,ORD00735,PRD0350,2,443.85,339.76,0.0,
1821,ORD00736,PRD0380,1,196.64,149.4,0.0,
1822,ORD00737,PRD0149,2,213.08,162.58,0.0,
1823,ORD00738,PRD0448,2,294.36,234.14,0.0,
1824,ORD00738,PRD0179,2,76.49,57.07,0.0,
1825,ORD00738,PRD0274,2,24.15,18.43,0.0,
1826,ORD00738,PRD0093,3,257.88,183.93,0.0,
1827,ORD00739,PRD0206,2,146.67,109.28,0.0,
1828,ORD00739,PRD0176,3,421.85,334.09,0.0,
1829,ORD00740,PRD0233,1,84.35,65.89,0.0,
1830,ORD00740,PRD0486,2,149.68,116.2,0.0,
1831,ORD00740,PRD0110,2,161.05,127.21,0.0,
1832,ORD00741,PRD0405,2,44.1,34.14,0.0,
1833,ORD00741,PRD0110,1,161.05,127.21,0.0,
1834,ORD00741,PRD0012,3,272.75,217.47,0.0,
1835,ORD00742,PRD0036,2,344.04,259.3,0.0,
1836,ORD00742,PRD0153,3,391.43,282.57,0.0,
1837,ORD00743,PRD0095,1,149.64,111.3,29.93,P2
1838,ORD00743,PRD0494,2,459.52,343.37,551.42,P1
1839,ORD00743,PRD0215,2,55.6,40.15,22.24,P2
1840,ORD00744,PRD0422,1,45.32,35.63,0.0,
1841,ORD00744,PRD0458,3,171.55,129.66,0.0,
1842,ORD00744,PRD0371,3,391.23,293.94,0.0,
1843,ORD00744,PRD0075,2,463.99,361.22,0.0,
1844,ORD00745,PRD0460,2,437.91,321.14,0.0,
1845,ORD00745,PRD0256,2,305.82,214.87,366.98,P1
1846,ORD00746,PRD0325,2,117.31,84.35,0.0,
1847,ORD00746,PRD0297,1,456.12,319.98,0.0,
1848,ORD00747,PRD0308,2,32.54,25.37,0.0,
1849,ORD00747,PRD0108,1,277.34,217.28,0.0,
1850,ORD00748,PRD0009,2,115.5,89.67,0.0,
1851,ORD00748,PRD0258,1,297.69,209.0,0.0,
1852,ORD00748,PRD0333,2,135.92,106.35,0.0,
1853,ORD00749,PRD0268,2,433.81,339.45,0.0,
1854,ORD00749,PRD0091,5,14.56,11.1,0.0,
1855,ORD00749,PRD0278,2,254.2,196.16,0.0,
1856,ORD00750,PRD0360,3,129.35,92.17,0.0,
1857,ORD00750,PRD0464,1,161.7,119.28,0.0,
1858,ORD00750,PRD0413,1,379.92,270.27,0.0,
1859,ORD00751,PRD0384,3,445.16,330.03,0.0,
1860,ORD00751,PRD0052,3,465.17,360.75,0.0,
1861,ORD00751,PRD0298,1,210.89,161.43,0.0,
1862,ORD00751,PRD0437,2,96.8,75.24,0.0,
1863,ORD00752,PRD0059,1,44.72,32.37,0.0,
1864,ORD00752,PRD0487,1,230.17,172.93,0.0,
1865,ORD00752,PRD0407,2,215.72,158.36,0.0,
1866,ORD00752,PRD0421,3,255.13,199.85,0.0,
1867,ORD00753,PRD0401,1,465.25,364.27,0.0,
1868,ORD00753,PRD0138,3,341.89,270.19,0.0,
1869,ORD00753,PRD0430,2,298.55,224.63,0.0,
1870,ORD00754,PRD0014,1,443.87,326.76,0.0,
1871,ORD00755,PRD0492,3,23.81,18.88,0.0,
1872,ORD00755,PRD0124,3,182.06,136.72,0.0,
1873,ORD00756,PRD0066,3,131.84,94.8,0.0,
1874,ORD00756,PRD0373,1,31.25,24.32,0.0,
1875,ORD00756,PRD0163,3,124.9,91.62,224.82,P1
1876,ORD00756,PRD0364,1,11.39,8.95,0.0,
1877,ORD00757,PRD0429,3,223.99,159.16,0.0,
1878,ORD00757,PRD0166,1,213.29,156.36,0.0,
1879,ORD00757,PRD0014,2,443.87,326.76,0.0,
1880,ORD00758,PRD0293,2,199.18,152.65,0.0,
1881,ORD00759,PRD0096,1,354.73,270.01,0.0,
1882,ORD00759,PRD0114,2,377.24,298.99,0.0,
1883,ORD00759,PRD0431,1,436.56,338.15,0.0,
1884,ORD00760,PRD0141,1,307.26,224.98,0.0,
1885,ORD00761,PRD0057,2,13.52,10.42,0.0,
1886,ORD00762,PRD0135,1,362.68,264.77,0.0,
1887,ORD00762,PRD0254,2,274.59,204.23,0.0,
1888,ORD00762,PRD0107,2,64.82,51.5,0.0,
1889,ORD00763,PRD0250,3,39.22,30.56,30.0,P3
1890,ORD00764,PRD0414,1,64.34,49.4,0.0,
1891,ORD00764,PRD0006,1,215.56,160.58,0.0,
1892,ORD00764,PRD0324,3,390.11,282.05,0.0,
1893,ORD00764,PRD0061,2,292.34,211.74,0.0,
1894,ORD00765,PRD0475,1,406.43,291.23,0.0,
1895,ORD00765,PRD0016,3,388.8,310.47,0.0,
1896,ORD00765,PRD0263,1,173.32,132.94,0.0,
1897,ORD00766,PRD0168,1,200.84,156.05,0.0,
1898,ORD00767,PRD0247,1,333.98,264.97,0.0,
1899,ORD00767,PRD0179,3,76.49,57.07,0.0,
1900,ORD00767,PRD0151,2,129.55,99.18,0.0,
1901,ORD00768,PRD0473,1,74.21,54.74,0.0,
1902,ORD00768,PRD0102,3,257.65,186.83,0.0,
1903,ORD00768,PRD0368,2,298.54,209.45,0.0,
1904,ORD00768,PRD0053,3,359.34,265.88,0.0,
1905,ORD00769,PRD0489,3,443.47,351.69,0.0,
1906,ORD00769,PRD0453,2,29.18,22.49,0.0,
1907,ORD00770,PRD0311,2,93.29,66.04,0.0,
1908,ORD00771,PRD0231,1,65.9,46.56,0.0,
1909,ORD00772,PRD0151,3,129.55,99.18,0.0,
1910,ORD00772,PRD0331,3,74.76,56.36,0.0,
1911,ORD00772,PRD0016,1,388.8,310.47,0.0,
1912,ORD00772,PRD0166,2,213.29,156.36,0.0,
1913,ORD00773,PRD0337,2,483.96,377.71,0.0,
1914,ORD00773,PRD0400,2,340.74,257.49,0.0,
1915,ORD00774,PRD0110,2,161.05,127.21,0.0,
1916,ORD00774,PRD0165,1,350.04,269.76,0.0,
1917,ORD00774,PRD0198,2,393.49,289.11,0.0,
1918,ORD00775,PRD0367,3,17.28,13.46,10.37,P2
1919,ORD00775,PRD0294,3,252.71,177.83,151.63,P2
1920,ORD00775,PRD0163,2,124.9,91.62,149.88,P1
1921,ORD00776,PRD0216,1,160.04,121.34,0.0,
1922,ORD00776,PRD0088,3,338.17,247.34,0.0,
1923,ORD00776,PRD0197,1,404.71,315.52,0.0,
1924,ORD00777,PRD0467,2,187.3,137.9,0.0,
1925,ORD00778,PRD0173,3,449.93,336.92,0.0,
1926,ORD00779,PRD0141,2,307.26,224.98,0.0,
1927,ORD00779,PRD0205,1,141.51,111.11,0.0,
1928,ORD00779,PRD0161,2,385.25,289.76,0.0,
1929,ORD00780,PRD0253,3,352.87,280.27,0.0,
1930,ORD00780,PRD0063,2,332.9,244.82,0.0,
1931,ORD00780,PRD0053,1,359.34,265.88,0.0,
1932,ORD00780,PRD0423,1,223.75,166.91,0.0,
1933,ORD00781,PRD0046,1,127.33,92.2,76.4,P1
1934,ORD00781,PRD0418,3,386.0,299.7,0.0,
1935,ORD00782,PRD0057,1,13.52,10.42,0.0,
1936,ORD00783,PRD0139,3,288.86,213.93,0.0,
1937,ORD00783,PRD0071,3,484.81,384.28,0.0,
1938,ORD00783,PRD0065,2,39.7,30.68,0.0,
1939,ORD00783,PRD0386,3,219.11,167.95,0.0,
1940,ORD00784,PRD0343,1,458.48,331.09,0.0,
1941,ORD00784,PRD0124,3,182.06,136.72,0.0,
1942,ORD00784,PRD0251,2,376.99,285.35,0.0,
1943,ORD00784,PRD0375,2,39.8,29.77,0.0,
1944,ORD00785,PRD0181,3,170.15,132.06,0.0,
1945,ORD00786,PRD0039,2,486.23,377.41,583.48,P1
1946,ORD00787,PRD0250,1,39.22,30.56,0.0,
1947,ORD00787,PRD0417,3,13.77,10.05,0.0,
1948,ORD00788,PRD0336,1,78.97,62.91,0.0,
1949,ORD00788,PRD0055,1,131.47,92.87,0.0,
1950,ORD00788,PRD0187,2,421.22,321.03,0.0,
1951,ORD00788,PRD0445,3,28.43,20.95,0.0,
1952,ORD00789,PRD0143,2,398.93,317.54,0.0,
1953,ORD00790,PRD0449,1,230.37,179.91,0.0,
1954,ORD00790,PRD0124,1,182.06,136.72,0.0,
1955,ORD00790,PRD0096,2,354.73,270.01,20.0,P3
1956,ORD00790,PRD0181,2,170.15,132.06,0.0,
1957,ORD00791,PRD0109,1,280.74,208.58,0.0,
1958,ORD00791,PRD0221,3,103.86,80.37,0.0,
1959,ORD00791,PRD0226,2,32.3,22.79,0.0,
1960,ORD00791,PRD0026,3,203.86,161.35,0.0,
1961,ORD00792,PRD0097,2,13.83,10.81,0.0,
1962,ORD00792,PRD0142,3,226.66,163.51,0.0,
1963,ORD00792,PRD0266,2,27.98,19.83,0.0,
1964,ORD00793,PRD0059,1,44.72,32.37,0.0,
1965,ORD00793,PRD0295,2,483.02,354.15,20.0,P3
1966,ORD00794,PRD0201,2,61.71,49.13,0.0,
1967,ORD00794,PRD0376,3,218.87,155.57,0.0,
1968,ORD00794,PRD0106,1,280.32,208.21,0.0,
1969,ORD00794,PRD0178,3,286.55,201.36,0.0,
1970,ORD00795,PRD0049,1,385.26,274.63,0.0,
1971,ORD00796,PRD0437,3,96.8,75.24,0.0,
1972,ORD00796,PRD0162,3,144.55,102.31,0.0,
1973,ORD00796,PRD0096,2,354.73,270.01,0.0,
1974,ORD00797,PRD0220,2,164.62,127.46,0.0,
1975,ORD00797,PRD0499,2,126.44,90.05,0.0,
1976,ORD00797,PRD0088,3,338.17,247.34,0.0,
1977,ORD00797,PRD0005,3,23.0,16.56,0.0,
1978,ORD00798,PRD0242,1,95.17,67.33,0.0,
1979,ORD00798,PRD0009,3,115.5,89.67,0.0,
1980,ORD00799,PRD0387,1,477.26,366.86,0.0,
1981,ORD00799,PRD0052,2,465.17,360.75,0.0,
1982,ORD00800,PRD0280,2,490.32,355.17,0.0,
1983,ORD00800,PRD0130,2,103.14,72.66,0.0,
1984,ORD00800,PRD0424,2,432.43,327.6,0.0,
